{
  "uuid": "75364797-d231-3de4-9c58-2672efbf3d30",
  "starterPrompted": true,
  "starterLocked": false,
  "starterSelected": true,
  "starterUUID": "6a208687-9197-4ef8-a5ac-18d8dc19f249",
  "keyItems": [],
  "battleTheme": "cobblemon:battle.pvp.default",
  "extraData": {},
  "advancementData": {
    "totalCaptureCount": 11,
    "totalEggsHatched": 0,
    "totalEvolvedCount": 0,
    "totalBattleVictoryCount": 4,
    "totalPvPBattleVictoryCount": 0,
    "totalPvWBattleVictoryCount": 4,
    "totalPvNBattleVictoryCount": 0,
    "totalShinyCaptureCount": 0,
    "totalTradedCount": 0,
    "totalTypeCaptureCounts": {
      "normal": 8,
      "flying": 5,
      "psychic": 1,
      "poison": 1,
      "electric": 1,
      "grass": 1
    },
    "totalDefeatedCounts": {
      "cobblemon:rattata": 1
    },
    "aspectsCollected": {}
  }
}