{"stats":{"minecraft:used":{"alexsmobs:animal_dictionary":1,"skinnedlanterns:bee_lantern_block":1,"skinnedlanterns:creeper_lantern_block":1,"skinnedlanterns:blinky_lantern_block":1,"alexsmobs:spawn_egg_leafcutter_ant":1,"alexsmobs:spawn_egg_gelada_monkey":2,"alexsmobs:spawn_egg_triops":8,"skinnedlanterns:guardian_soul_lantern_block":1,"minecraft:grass_block":7},"minecraft:picked_up":{"pizzacraft:broccoli_seeds":1},"minecraft:custom":{"minecraft:jump":132,"minecraft:open_chest":1,"minecraft:time_since_rest":33732,"minecraft:damage_dealt":18,"minecraft:crouch_one_cm":447,"minecraft:leave_game":5,"minecraft:play_time":33732,"minecraft:sprint_one_cm":2522,"minecraft:time_since_death":33732,"minecraft:walk_one_cm":84704,"minecraft:sneak_time":278,"minecraft:total_world_time":33732,"minecraft:drop":3,"minecraft:fly_one_cm":155785}},"DataVersion":3465}