{"stats":{"minecraft:used":{"minecraft:wooden_pickaxe":38,"minecraft:crafting_table":5,"minecraft:wooden_axe":57,"biomesoplenty:tall_lavender":1,"minecraft:stone_axe":243,"minecraft:golden_sword":44,"minecraft:furnace":1,"minecraft:cooked_porkchop":8,"alexsmobs:animal_dictionary":1},"minecraft:mined":{"minecraft:cherry_log":60,"minecraft:crafting_table":3,"biomesoplenty:bush":1,"minecraft:tall_grass":6,"caupona:walnut_fruits":1,"biomesoplenty:jacaranda_log":142,"biomesoplenty:tall_lavender":2,"minecraft:furnace":1,"biomesoplenty:lavender":9,"minecraft:grass":13,"minecraft:oak_log":1,"biomesoplenty:barley":3,"minecraft:stone":36},"minecraft:custom":{"minecraft:interact_with_furnace":6,"minecraft:mob_kills":45,"minecraft:interact_with_crafting_table":16,"minecraft:leave_game":1,"minecraft:time_since_death":1882,"minecraft:climb_one_cm":1168,"minecraft:time_since_rest":995,"minecraft:sprint_one_cm":91170,"minecraft:damage_taken":1648,"minecraft:walk_one_cm":199164,"minecraft:drop":13,"minecraft:damage_dealt":6168,"minecraft:fly_one_cm":167774,"minecraft:open_chest":3,"minecraft:crouch_one_cm":642,"tombstone:undead_killed":10,"minecraft:play_time":55243,"minecraft:deaths":2,"minecraft:sneak_time":161,"minecraft:jump":966,"minecraft:total_world_time":55243,"minecraft:fall_one_cm":36933},"minecraft:picked_up":{"biomesoplenty:lavender":6,"minecraft:crafting_table":3,"minecraft:leather":8,"biomesoplenty:jacaranda_sapling":56,"minecraft:magenta_dye":1,"minecraft:oak_log":1,"tombstone:grave_key":2,"minecraft:gunpowder":1,"minecraft:string":9,"biomesoplenty:tall_lavender":1,"minecraft:wheat_seeds":3,"minecraft:beef":21,"minecraft:furnace":1,"minecraft:stick":58,"scalinghealth:heart_crystal_shard":1,"minecraft:cooked_porkchop":2,"minecraft:porkchop":21,"minecraft:cherry_log":65,"minecraft:spider_eye":1,"minecraft:arrow":1,"biomesoplenty:jacaranda_log":119,"minecraft:stone_axe":1,"minecraft:cherry_sapling":44,"alexsmobs:maggot":2,"minecraft:mutton":5,"minecraft:white_wool":3,"minecraft:cobblestone":35},"minecraft:dropped":{"minecraft:stone_axe":1,"alexsmobs:maggot":2,"minecraft:wheat_seeds":2,"minecraft:cooked_porkchop":4,"biomesoplenty:lavender":1,"sophisticatedbackpacks:backpack":1,"tombstone:grave_key":2,"minecraft:spider_eye":1,"minecraft:wooden_pickaxe":1},"minecraft:crafted":{"minecraft:cherry_planks":4,"minecraft:oak_planks":4,"sophisticatedbackpacks:backpack":2,"biomesoplenty:jacaranda_planks":40,"minecraft:cooked_porkchop":10,"minecraft:crafting_table":3,"minecraft:wooden_pickaxe":1,"minecraft:furnace":1,"minecraft:stone_axe":4,"minecraft:air":0,"minecraft:purple_dye":1,"minecraft:stick":8,"minecraft:stone_pickaxe":2,"minecraft:wooden_axe":1,"minecraft:chest":2},"minecraft:killed":{"earthmobsmod:dairy_cow":1,"earthmobsmod:sunset_cow":4,"minecraft:pig":9,"minecraft:spider":7,"minecraft:creeper":1,"minecraft:sheep":3,"minecraft:skeleton":5,"minecraft:zombie":5,"earthmobsmod:pinto_cow":3,"minecraft:cow":2},"minecraft:broken":{"minecraft:golden_sword":1,"minecraft:stone_axe":1,"minecraft:wooden_axe":1}},"DataVersion":3465}