{"stats":{"minecraft:mined":{"minecraft:cherry_log":60,"biomesoplenty:bush":1,"caupona:walnut_fruits":1,"minecraft:hay_block":20,"biomesoplenty:jacaranda_log":142,"biomesoplenty:tall_lavender":2,"minecraft:furnace":1,"minecraft:iron_ore":1,"minecraft:fire":1,"minecraft:snow":1,"biomesoplenty:lavender":9,"minecraft:pumpkin":9,"minecraft:packed_ice":1,"biomesoplenty:barley":3,"minecraft:stone":36,"minecraft:kelp_plant":1,"minecraft:snow_block":26,"minecraft:powder_snow":21,"minecraft:crafting_table":5,"minecraft:tall_grass":7,"minecraft:cobblestone":3,"biomesoplenty:fir_log":5,"minecraft:grass":21,"minecraft:oak_log":1,"minecraft:fern":2},"minecraft:used":{"simplyswords:sunfire":9,"minecraft:flint_and_steel":1,"minecraft:stone_shovel":27,"simplyswords:harbinger":6,"minecraft:iron_sword":68,"minecraft:sculk":2,"alexsmobs:spawn_egg_centipede":8,"minecraft:snowball":14,"minecraft:wooden_axe":57,"minecraft:lantern":7,"minecraft:iron_axe":16,"biomesoplenty:tall_lavender":1,"simplyswords:diamond_greathammer":11,"minecraft:golden_sword":44,"minecraft:bow":6,"minecraft:furnace":1,"tombstone:gift":4,"minecraft:stone_pickaxe":4,"minecraft:wooden_pickaxe":38,"minecraft:crafting_table":7,"minecraft:sculk_shrieker":1,"simplyswords:watching_warglaive":1,"minecraft:bread":11,"minecraft:stone_axe":259,"simplyswords:whisperwind":6,"minecraft:cobblestone":14,"minecraft:cooked_porkchop":8,"alexsmobs:animal_dictionary":1},"minecraft:custom":{"minecraft:mob_kills":69,"minecraft:animals_bred":1,"minecraft:interact_with_crafting_table":25,"minecraft:leave_game":1,"minecraft:time_since_death":79882,"minecraft:climb_one_cm":1624,"minecraft:sprint_one_cm":135791,"minecraft:walk_one_cm":359502,"minecraft:drop":28,"minecraft:play_time":133243,"minecraft:deaths":2,"minecraft:sneak_time":1501,"minecraft:walk_under_water_one_cm":16909,"minecraft:jump":1580,"minecraft:walk_on_water_one_cm":12906,"minecraft:total_world_time":133243,"minecraft:interact_with_furnace":7,"minecraft:time_since_rest":78995,"minecraft:waystone_activated":1,"minecraft:damage_taken":2767,"minecraft:damage_dealt":12345,"minecraft:swim_one_cm":11170,"minecraft:fly_one_cm":472063,"minecraft:open_chest":14,"minecraft:crouch_one_cm":5231,"tombstone:undead_killed":16,"minecraft:fall_one_cm":61744},"minecraft:picked_up":{"minecraft:crafting_table":5,"minecraft:iron_chestplate":1,"minecraft:chicken":2,"biomesoplenty:jacaranda_sapling":56,"tombstone:grave_key":2,"minecraft:string":11,"minecraft:moss_carpet":1,"minecraft:iron_leggings":1,"biomesoplenty:tall_lavender":1,"minecraft:beetroot":6,"minecraft:cobbled_deepslate":6,"minecraft:beef":37,"minecraft:rose_bush":1,"minecraft:furnace":1,"minecraft:iron_boots":1,"minecraft:egg":6,"minecraft:stick":58,"minecraft:raw_iron":1,"minecraft:porkchop":21,"minecraft:cherry_log":65,"tombstone:grave_dust":3,"minecraft:carrot":30,"alexsmobs:centipede_leg":5,"minecraft:arrow":2,"biomesoplenty:jacaranda_log":119,"minecraft:hay_block":20,"minecraft:gold_ingot":3,"minecraft:mutton":6,"minecraft:cobblestone":38,"minecraft:snowball":114,"minecraft:white_wool":3,"biomesoplenty:lavender":6,"minecraft:feather":2,"minecraft:salmon":8,"minecraft:leather":11,"minecraft:potato":25,"biomesoplenty:fir_log":8,"minecraft:magenta_dye":2,"minecraft:oak_log":1,"minecraft:gunpowder":1,"minecraft:cooked_mutton":1,"minecraft:bone":22,"pizzacraft:cucumber_seeds":1,"minecraft:apple":3,"minecraft:wheat_seeds":5,"minecraft:stripped_oak_wood":1,"minecraft:gray_bed":2,"minecraft:sculk_catalyst":1,"scalinghealth:heart_crystal_shard":2,"minecraft:cooked_porkchop":2,"minecraft:pitcher_plant":2,"minecraft:pumpkin":9,"minecraft:sweet_berries":2,"earthmobsmod:harder_flesh":1,"minecraft:spider_eye":2,"minecraft:stone_axe":1,"minecraft:iron_helmet":1,"minecraft:cherry_sapling":44,"minecraft:emerald":2,"minecraft:bread":17,"alexsmobs:maggot":2,"minecraft:baked_potato":4,"minecraft:coal":4,"minecraft:ender_pearl":1},"minecraft:crafted":{"minecraft:cherry_planks":4,"minecraft:oak_planks":4,"minecraft:stone_shovel":1,"minecraft:furnace":1,"minecraft:iron_axe":1,"minecraft:stone_pickaxe":2,"minecraft:chest":2,"minecraft:wheat":108,"biomesoplenty:jacaranda_planks":40,"sophisticatedbackpacks:backpack":2,"minecraft:cooked_porkchop":10,"minecraft:crafting_table":3,"minecraft:wooden_pickaxe":1,"minecraft:stone_axe":4,"minecraft:bread":36,"minecraft:air":0,"minecraft:purple_dye":1,"minecraft:stick":8,"minecraft:wooden_axe":1},"minecraft:dropped":{"biomesoplenty:fir_log":4,"minecraft:wheat_seeds":3,"minecraft:cooked_porkchop":4,"biomesoplenty:lavender":5,"minecraft:feather":2,"minecraft:spectral_arrow":1,"tombstone:grave_key":2,"minecraft:rose_bush":1,"minecraft:snowball":25,"minecraft:stripped_oak_wood":1,"minecraft:string":1,"minecraft:bone":16,"minecraft:stone_axe":1,"alexsmobs:maggot":2,"sophisticatedbackpacks:backpack":1,"minecraft:golden_leggings":1,"minecraft:spider_eye":2,"minecraft:magenta_dye":1,"minecraft:wooden_pickaxe":1,"minecraft:egg":3},"minecraft:killed":{"earthmobsmod:sunset_cow":4,"minecraft:spider":8,"minecraft:skeleton":8,"minecraft:chicken":2,"earthmobsmod:pinto_cow":3,"earthmobsmod:dairy_cow":1,"minecraft:pig":9,"earthmobsmod:bouldering_zombie":1,"minecraft:salmon":4,"earthmobsmod:cream_cow":3,"minecraft:creeper":1,"minecraft:sheep":4,"minecraft:zombie":7,"minecraft:cow":8},"minecraft:broken":{"minecraft:golden_sword":1,"minecraft:stone_axe":2,"minecraft:wooden_axe":1}},"DataVersion":3465}