{"stats":{"minecraft:picked_up":{"minecraft:crafting_table":2,"minecraft:feather":11,"minecraft:chicken":8,"minecraft:leather":3,"minecraft:wooden_pickaxe":1,"minecraft:oak_log":70,"minecraft:amethyst_block":8,"minecraft:dirt":11,"minecraft:moss_carpet":1,"minecraft:bone":2,"pizzacraft:cucumber_seeds":1,"minecraft:apple":3,"minecraft:wheat_seeds":6,"minecraft:rabbit_hide":2,"minecraft:spruce_planks":7,"minecraft:spruce_wood":41,"minecraft:beef":5,"minecraft:iron_ingot":6,"minecraft:oak_boat":1,"scalinghealth:power_crystal_shard":5,"minecraft:smooth_quartz":45,"minecraft:rabbit":1,"minecraft:spruce_slab":1,"minecraft:furnace":1,"minecraft:dark_oak_sapling":17,"minecraft:stick":23,"pizzacraft:pineapple_seeds":1,"minecraft:pumpkin":8,"minecraft:porkchop":5,"minecraft:jungle_planks":3,"minecraft:cherry_log":15,"minecraft:spruce_sapling":1,"minecraft:spruce_log":32,"minecraft:dark_oak_planks":4,"minecraft:jungle_slab":1,"minecraft:rabbit_foot":1,"minecraft:dark_prismarine":1,"minecraft:oak_wood":5,"minecraft:arrow":1,"minecraft:cherry_sapling":6,"minecraft:emerald":1,"alexsmobs:maggot":2,"minecraft:oak_sapling":20,"minecraft:mutton":2,"minecraft:coal":30,"minecraft:white_wool":1,"minecraft:cobblestone":39},"minecraft:broken":{"minecraft:iron_axe":1,"minecraft:wooden_axe":1},"minecraft:used":{"minecraft:cooked_mutton":1,"minecraft:amethyst_block":6,"minecraft:stone_pickaxe":121,"minecraft:spruce_slab":1,"minecraft:oak_planks":10,"minecraft:spruce_planks":3,"minecraft:wooden_pickaxe":13,"minecraft:iron_chestplate":1,"minecraft:torch":2,"minecraft:dirt":11,"minecraft:crafting_table":5,"minecraft:white_bed":1,"alexsmobs:maggot":2,"minecraft:wooden_axe":30,"minecraft:apple":3,"minecraft:iron_axe":265,"minecraft:iron_pickaxe":2,"minecraft:smooth_quartz":35,"minecraft:furnace":2,"minecraft:cooked_porkchop":2,"minecraft:oak_boat":1,"minecraft:cooked_beef":4},"minecraft:custom":{"minecraft:interact_with_furnace":7,"minecraft:mob_kills":20,"tombstone:raider_killed":2,"minecraft:interact_with_crafting_table":11,"minecraft:damage_dealt_resisted":166,"minecraft:leave_game":2,"minecraft:time_since_death":63227,"minecraft:sleep_in_bed":1,"minecraft:climb_one_cm":961,"minecraft:time_since_rest":37662,"minecraft:sprint_one_cm":28385,"minecraft:damage_taken":1032,"minecraft:walk_one_cm":259522,"minecraft:drop":12,"minecraft:damage_dealt":4124,"minecraft:swim_one_cm":3233,"minecraft:fly_one_cm":67546,"minecraft:player_kills":1,"minecraft:open_chest":2,"minecraft:crouch_one_cm":4769,"minecraft:play_time":63227,"tombstone:undead_killed":2,"minecraft:sneak_time":1714,"minecraft:walk_under_water_one_cm":16835,"minecraft:boat_one_cm":11295,"minecraft:jump":803,"minecraft:walk_on_water_one_cm":7214,"minecraft:total_world_time":63227,"minecraft:fall_one_cm":13735},"minecraft:mined":{"minecraft:dark_oak_planks":4,"minecraft:dark_prismarine":6,"minecraft:spruce_planks":22,"minecraft:jungle_slab":1,"minecraft:cherry_log":15,"minecraft:crafting_table":2,"minecraft:dark_oak_wood":1,"minecraft:oak_wood":5,"minecraft:grass_block":11,"minecraft:jungle_planks":3,"minecraft:tall_grass":5,"minecraft:oak_planks":1,"minecraft:spawner":1,"minecraft:furnace":1,"minecraft:spruce_log":36,"biomesoplenty:maple_leaves":1,"minecraft:pumpkin":8,"minecraft:grass":17,"minecraft:oak_log":74,"minecraft:coal_ore":29,"minecraft:vine":5,"minecraft:smooth_quartz":58,"minecraft:spruce_wood":39,"minecraft:stone":39,"minecraft:oak_leaves":1,"minecraft:spruce_slab":2},"minecraft:killed":{"earthmobsmod:duck":3,"minecraft:pig":2,"earthmobsmod:jumbo_rabbit":1,"minecraft:vindicator":2,"minecraft:sheep":1,"minecraft:skeleton":1,"alexsmobs:terrapin":1,"minecraft:chicken":5,"minecraft:wither_skeleton":1,"minecraft:cow":3},"minecraft:crafted":{"minecraft:cooked_beef":5,"minecraft:oak_planks":68,"minecraft:cooked_porkchop":2,"minecraft:crafting_table":3,"minecraft:iron_sword":1,"minecraft:furnace":1,"minecraft:cooked_mutton":2,"minecraft:air":0,"minecraft:oak_boat":1,"minecraft:iron_axe":2,"minecraft:stick":12,"minecraft:iron_pickaxe":1,"minecraft:stone_pickaxe":1,"minecraft:wooden_axe":1,"minecraft:white_bed":1,"minecraft:torch":84},"minecraft:dropped":{"minecraft:iron_sword":1,"minecraft:moss_carpet":1,"minecraft:wheat_seeds":3,"minecraft:cooked_beef":1,"minecraft:amethyst_block":2,"minecraft:cooked_mutton":1,"minecraft:coal":1,"minecraft:stick":3,"minecraft:iron_chestplate":1,"pizzacraft:pineapple_seeds":1,"minecraft:dark_prismarine":1,"minecraft:white_wool":1}},"DataVersion":3465}