{"stats":{"minecraft:picked_up":{"minecraft:crafting_table":2,"minecraft:chicken":17,"minecraft:diamond_sword":1,"minecraft:wooden_pickaxe":1,"minecraft:amethyst_block":8,"minecraft:string":12,"minecraft:moss_carpet":1,"minecraft:spruce_planks":15,"minecraft:beef":29,"minecraft:oak_boat":1,"minecraft:smooth_quartz":94,"minecraft:spruce_slab":1,"minecraft:furnace":1,"minecraft:dark_oak_sapling":17,"minecraft:stick":23,"pizzacraft:pineapple_seeds":1,"minecraft:torch":1,"minecraft:porkchop":5,"pizzacraft:tomato_seeds":3,"minecraft:cherry_log":15,"minecraft:rabbit_foot":2,"minecraft:dark_oak_planks":7,"simplyswords:gold_spear":1,"minecraft:arrow":1,"minecraft:rotten_flesh":2,"minecraft:mutton":2,"minecraft:white_wool":1,"minecraft:cobblestone":39,"minecraft:feather":22,"pizzacraft:pepper_seeds":6,"minecraft:leather":14,"minecraft:oak_log":70,"scalinghealth:heart_crystal":2,"minecraft:dirt":11,"pizzacraft:cucumber_seeds":1,"minecraft:bone":21,"minecraft:apple":3,"minecraft:wheat_seeds":10,"minecraft:spruce_wood":41,"minecraft:rabbit_hide":2,"minecraft:iron_ingot":6,"scalinghealth:power_crystal_shard":5,"tombstone:bag_of_seeds":1,"minecraft:rabbit":1,"scalinghealth:heart_crystal_shard":4,"minecraft:pumpkin":8,"minecraft:jungle_planks":3,"minecraft:spruce_sapling":1,"minecraft:spruce_log":32,"minecraft:jungle_slab":1,"minecraft:dark_prismarine":1,"minecraft:oak_wood":5,"minecraft:cherry_sapling":6,"minecraft:emerald":1,"alexsmobs:maggot":2,"minecraft:oak_sapling":20,"minecraft:dark_oak_wood":2,"minecraft:coal":37},"minecraft:broken":{"minecraft:iron_axe":1,"minecraft:wooden_axe":1},"minecraft:used":{"minecraft:spruce_slab":1,"minecraft:spruce_planks":3,"minecraft:cooked_chicken":7,"minecraft:iron_chestplate":1,"minecraft:torch":3,"minecraft:dirt":11,"minecraft:wooden_axe":30,"minecraft:dark_oak_planks":1,"alexsmobs:maggot":2,"minecraft:iron_axe":290,"minecraft:smooth_quartz":65,"minecraft:furnace":2,"minecraft:cooked_beef":4,"minecraft:cooked_mutton":1,"alexsmobs:cooked_catfish":3,"minecraft:amethyst_block":6,"minecraft:stone_pickaxe":121,"minecraft:oak_planks":10,"minecraft:wooden_pickaxe":13,"minecraft:crafting_table":5,"minecraft:white_bed":1,"tombstone:bag_of_seeds":2,"minecraft:apple":3,"minecraft:iron_pickaxe":56,"minecraft:diamond_sword":146,"minecraft:cooked_porkchop":2,"minecraft:oak_boat":1},"minecraft:custom":{"minecraft:mob_kills":60,"minecraft:interact_with_crafting_table":15,"minecraft:open_barrel":3,"minecraft:damage_dealt_resisted":1528,"minecraft:leave_game":2,"minecraft:time_since_death":99227,"minecraft:climb_one_cm":1045,"minecraft:sprint_one_cm":71004,"minecraft:walk_one_cm":367379,"minecraft:drop":40,"minecraft:play_time":99227,"minecraft:sneak_time":2578,"minecraft:walk_under_water_one_cm":19194,"minecraft:boat_one_cm":11295,"minecraft:jump":1303,"minecraft:walk_on_water_one_cm":8623,"minecraft:total_world_time":99227,"minecraft:interact_with_furnace":12,"tombstone:raider_killed":2,"minecraft:sleep_in_bed":1,"minecraft:time_since_rest":73662,"minecraft:waystone_activated":1,"minecraft:damage_taken":2021,"minecraft:damage_dealt":12443,"minecraft:swim_one_cm":4009,"minecraft:player_kills":1,"minecraft:fly_one_cm":158024,"minecraft:open_chest":3,"minecraft:crouch_one_cm":6863,"tombstone:undead_killed":15,"minecraft:fall_one_cm":29662},"minecraft:mined":{"minecraft:dark_oak_planks":8,"minecraft:dark_prismarine":6,"minecraft:spruce_planks":22,"minecraft:jungle_slab":1,"minecraft:cherry_log":15,"minecraft:grass_block":11,"minecraft:spruce_fence":3,"minecraft:jungle_planks":3,"minecraft:spawner":4,"minecraft:furnace":1,"minecraft:pumpkin":8,"minecraft:vine":5,"minecraft:spruce_wood":39,"minecraft:stone":39,"minecraft:spruce_slab":2,"minecraft:crafting_table":2,"minecraft:dark_oak_wood":3,"minecraft:oak_wood":5,"minecraft:tall_grass":10,"minecraft:oak_planks":1,"minecraft:spruce_log":36,"biomesoplenty:maple_leaves":1,"minecraft:grass":41,"minecraft:coal_ore":29,"minecraft:oak_log":74,"minecraft:smooth_quartz":108,"minecraft:oak_leaves":1},"minecraft:killed":{"earthmobsmod:duck":5,"minecraft:cave_spider":3,"earthmobsmod:jumbo_rabbit":1,"minecraft:spider":5,"minecraft:vindicator":2,"minecraft:skeleton":1,"minecraft:chicken":11,"earthmobsmod:fancy_chicken":1,"earthmobsmod:dairy_cow":10,"minecraft:pig":2,"minecraft:sheep":1,"minecraft:zombie":3,"alexsmobs:terrapin":1,"minecraft:wither_skeleton":11,"minecraft:cow":3},"minecraft:crafted":{"minecraft:oak_planks":68,"minecraft:cooked_chicken":8,"minecraft:furnace":1,"minecraft:cooked_mutton":2,"minecraft:iron_axe":2,"minecraft:stone_pickaxe":1,"minecraft:chest":2,"alexsmobs:cooked_catfish":3,"minecraft:cooked_beef":5,"sophisticatedbackpacks:backpack":2,"minecraft:cooked_porkchop":2,"minecraft:crafting_table":3,"minecraft:iron_sword":1,"minecraft:air":0,"minecraft:oak_boat":1,"minecraft:stick":12,"minecraft:iron_pickaxe":1,"minecraft:wooden_axe":1,"minecraft:white_bed":1,"minecraft:torch":84},"minecraft:dropped":{"minecraft:iron_sword":1,"minecraft:wheat_seeds":7,"minecraft:cooked_beef":1,"minecraft:feather":22,"minecraft:amethyst_block":2,"pizzacraft:cucumber_seeds":1,"minecraft:coal":1,"minecraft:stick":3,"bakery:strawberry_seeds":2,"scalinghealth:heart_crystal":1,"minecraft:dark_oak_wood":2,"minecraft:smooth_quartz":29,"minecraft:potion":1,"minecraft:white_wool":1,"minecraft:bone":5,"minecraft:moss_carpet":1,"sophisticatedbackpacks:backpack":1,"minecraft:cooked_mutton":1,"minecraft:rabbit_foot":2,"pizzacraft:pepper_seeds":6,"minecraft:gunpowder":32,"minecraft:spruce_planks":4,"minecraft:iron_chestplate":1,"pizzacraft:pineapple_seeds":1,"minecraft:arrow":1,"minecraft:stone_pickaxe":1,"minecraft:dark_prismarine":1,"pizzacraft:tomato_seeds":3}},"DataVersion":3465}