{"stats":{"minecraft:mined":{"biomesoplenty:jacaranda_log":142,"biomesoplenty:tall_lavender":1,"minecraft:furnace":1,"biomesoplenty:lavender":2,"minecraft:crafting_table":1,"minecraft:grass":6,"minecraft:oak_log":1,"minecraft:tall_grass":3,"biomesoplenty:barley":3,"minecraft:stone":31,"caupona:walnut_fruits":1},"minecraft:used":{"minecraft:wooden_axe":57,"biomesoplenty:tall_lavender":1,"minecraft:wooden_pickaxe":33,"minecraft:stone_axe":97,"minecraft:golden_sword":39,"minecraft:crafting_table":3,"minecraft:furnace":1,"minecraft:cooked_porkchop":2,"alexsmobs:animal_dictionary":1},"minecraft:custom":{"minecraft:time_since_rest":14738,"minecraft:interact_with_furnace":6,"minecraft:sprint_one_cm":26632,"minecraft:damage_taken":490,"minecraft:walk_one_cm":67615,"minecraft:mob_kills":11,"minecraft:drop":3,"minecraft:damage_dealt":1335,"minecraft:interact_with_crafting_table":12,"minecraft:fly_one_cm":60242,"minecraft:open_chest":1,"minecraft:crouch_one_cm":279,"minecraft:play_time":19243,"tombstone:undead_killed":3,"minecraft:deaths":1,"minecraft:sneak_time":32,"minecraft:jump":242,"minecraft:leave_game":1,"minecraft:time_since_death":15349,"minecraft:total_world_time":19243,"minecraft:fall_one_cm":9850},"minecraft:picked_up":{"biomesoplenty:lavender":1,"minecraft:crafting_table":1,"minecraft:stick":33,"biomesoplenty:jacaranda_sapling":56,"minecraft:porkchop":10,"minecraft:oak_log":1,"minecraft:string":1,"biomesoplenty:tall_lavender":1,"biomesoplenty:jacaranda_log":119,"minecraft:wheat_seeds":2,"alexsmobs:maggot":2,"minecraft:cobblestone":31,"minecraft:furnace":1},"minecraft:crafted":{"minecraft:oak_planks":4,"biomesoplenty:jacaranda_planks":36,"minecraft:cooked_porkchop":10,"minecraft:crafting_table":2,"minecraft:stick":8,"minecraft:wooden_pickaxe":1,"minecraft:wooden_axe":1,"minecraft:furnace":1,"minecraft:stone_axe":1,"minecraft:air":0},"minecraft:dropped":{"alexsmobs:maggot":2,"minecraft:wheat_seeds":2,"biomesoplenty:lavender":1},"minecraft:killed":{"minecraft:skeleton":2,"minecraft:zombie":1,"minecraft:pig":4,"minecraft:spider":1},"minecraft:broken":{"minecraft:wooden_axe":1}},"DataVersion":3465}