{"stats":{"minecraft:used":{"minecraft:wooden_pickaxe":38,"minecraft:crafting_table":5,"minecraft:wooden_axe":57,"biomesoplenty:tall_lavender":1,"minecraft:stone_axe":232,"minecraft:golden_sword":44,"minecraft:furnace":1,"minecraft:cooked_porkchop":6,"alexsmobs:animal_dictionary":1},"minecraft:mined":{"minecraft:cherry_log":60,"minecraft:crafting_table":2,"minecraft:tall_grass":6,"caupona:walnut_fruits":1,"biomesoplenty:jacaranda_log":142,"biomesoplenty:tall_lavender":2,"minecraft:furnace":1,"biomesoplenty:lavender":9,"minecraft:grass":11,"minecraft:oak_log":1,"biomesoplenty:barley":3,"minecraft:stone":36},"minecraft:custom":{"minecraft:interact_with_furnace":6,"minecraft:mob_kills":41,"minecraft:interact_with_crafting_table":15,"minecraft:leave_game":1,"minecraft:time_since_death":39349,"minecraft:time_since_rest":38738,"minecraft:sprint_one_cm":69640,"minecraft:damage_taken":1246,"minecraft:walk_one_cm":171379,"minecraft:drop":9,"minecraft:damage_dealt":5677,"minecraft:fly_one_cm":136531,"minecraft:open_chest":1,"minecraft:crouch_one_cm":631,"tombstone:undead_killed":9,"minecraft:play_time":43243,"minecraft:deaths":1,"minecraft:sneak_time":152,"minecraft:jump":762,"minecraft:total_world_time":43243,"minecraft:fall_one_cm":28352},"minecraft:picked_up":{"biomesoplenty:lavender":6,"minecraft:crafting_table":2,"minecraft:leather":8,"biomesoplenty:jacaranda_sapling":56,"minecraft:oak_log":1,"minecraft:gunpowder":1,"minecraft:string":9,"biomesoplenty:tall_lavender":1,"minecraft:wheat_seeds":2,"minecraft:beef":18,"minecraft:furnace":1,"minecraft:stick":58,"scalinghealth:heart_crystal_shard":1,"minecraft:cooked_porkchop":2,"minecraft:porkchop":17,"minecraft:cherry_log":65,"minecraft:spider_eye":1,"minecraft:arrow":1,"biomesoplenty:jacaranda_log":119,"minecraft:stone_axe":1,"minecraft:cherry_sapling":44,"alexsmobs:maggot":2,"minecraft:mutton":5,"minecraft:white_wool":3,"minecraft:cobblestone":35},"minecraft:dropped":{"minecraft:stone_axe":1,"alexsmobs:maggot":2,"minecraft:wheat_seeds":2,"minecraft:cooked_porkchop":4,"biomesoplenty:lavender":1,"minecraft:wooden_pickaxe":1},"minecraft:crafted":{"minecraft:cherry_planks":4,"minecraft:oak_planks":4,"biomesoplenty:jacaranda_planks":40,"minecraft:cooked_porkchop":10,"minecraft:crafting_table":3,"minecraft:wooden_pickaxe":1,"minecraft:furnace":1,"minecraft:stone_axe":3,"minecraft:air":0,"minecraft:stick":8,"minecraft:stone_pickaxe":2,"minecraft:wooden_axe":1,"minecraft:chest":1},"minecraft:killed":{"earthmobsmod:sunset_cow":4,"minecraft:pig":7,"minecraft:spider":7,"minecraft:creeper":1,"minecraft:sheep":3,"minecraft:skeleton":4,"minecraft:zombie":5,"earthmobsmod:pinto_cow":3,"minecraft:cow":2},"minecraft:broken":{"minecraft:golden_sword":1,"minecraft:stone_axe":1,"minecraft:wooden_axe":1}},"DataVersion":3465}