{"stats":{"minecraft:picked_up":{"minecraft:crafting_table":2,"minecraft:feather":7,"minecraft:chicken":5,"minecraft:wooden_pickaxe":1,"minecraft:oak_log":70,"minecraft:dirt":11,"minecraft:moss_carpet":1,"minecraft:apple":3,"minecraft:wheat_seeds":3,"minecraft:spruce_planks":7,"minecraft:spruce_wood":33,"minecraft:iron_ingot":6,"minecraft:spruce_slab":1,"minecraft:furnace":1,"minecraft:dark_oak_sapling":17,"minecraft:stick":23,"pizzacraft:pineapple_seeds":1,"minecraft:pumpkin":8,"minecraft:porkchop":2,"minecraft:jungle_planks":3,"minecraft:cherry_log":15,"minecraft:spruce_sapling":1,"minecraft:spruce_log":32,"minecraft:jungle_slab":1,"minecraft:oak_wood":5,"minecraft:cherry_sapling":6,"minecraft:emerald":1,"alexsmobs:maggot":2,"minecraft:oak_sapling":20,"minecraft:mutton":2,"minecraft:coal":29,"minecraft:white_wool":1,"minecraft:cobblestone":19},"minecraft:broken":{"minecraft:wooden_axe":1},"minecraft:used":{"minecraft:cooked_mutton":1,"minecraft:stone_pickaxe":38,"minecraft:spruce_slab":1,"minecraft:oak_planks":10,"minecraft:spruce_planks":3,"minecraft:wooden_pickaxe":13,"minecraft:iron_chestplate":1,"minecraft:dirt":11,"minecraft:crafting_table":3,"minecraft:white_bed":1,"alexsmobs:maggot":2,"minecraft:wooden_axe":30,"minecraft:apple":1,"minecraft:iron_axe":208,"minecraft:furnace":1,"minecraft:cooked_porkchop":2},"minecraft:custom":{"minecraft:interact_with_furnace":4,"minecraft:mob_kills":10,"tombstone:raider_killed":2,"minecraft:interact_with_crafting_table":8,"minecraft:leave_game":2,"minecraft:time_since_death":39227,"minecraft:sleep_in_bed":1,"minecraft:climb_one_cm":961,"minecraft:time_since_rest":13662,"minecraft:sprint_one_cm":6774,"minecraft:damage_taken":635,"minecraft:walk_one_cm":185748,"minecraft:drop":3,"minecraft:damage_dealt":2674,"minecraft:swim_one_cm":1872,"minecraft:fly_one_cm":14400,"minecraft:player_kills":1,"minecraft:open_chest":2,"minecraft:crouch_one_cm":3498,"minecraft:play_time":39227,"minecraft:sneak_time":1186,"minecraft:walk_under_water_one_cm":16242,"minecraft:jump":440,"minecraft:walk_on_water_one_cm":6649,"minecraft:total_world_time":39227,"minecraft:fall_one_cm":6387},"minecraft:mined":{"minecraft:spruce_planks":7,"minecraft:jungle_slab":1,"minecraft:cherry_log":15,"minecraft:crafting_table":2,"minecraft:oak_wood":5,"minecraft:grass_block":11,"minecraft:jungle_planks":3,"minecraft:tall_grass":3,"minecraft:oak_planks":1,"minecraft:furnace":1,"minecraft:spruce_log":36,"biomesoplenty:maple_leaves":1,"minecraft:pumpkin":8,"minecraft:grass":11,"minecraft:oak_log":74,"minecraft:coal_ore":29,"minecraft:vine":5,"minecraft:spruce_wood":33,"minecraft:stone":19,"minecraft:oak_leaves":1,"minecraft:spruce_slab":1},"minecraft:killed":{"minecraft:pig":1,"minecraft:vindicator":2,"minecraft:sheep":1,"alexsmobs:terrapin":1,"minecraft:chicken":5},"minecraft:crafted":{"minecraft:oak_planks":32,"minecraft:cooked_porkchop":2,"minecraft:crafting_table":2,"minecraft:furnace":1,"minecraft:cooked_mutton":2,"minecraft:air":0,"minecraft:iron_axe":1,"minecraft:stick":4,"minecraft:stone_pickaxe":1,"minecraft:wooden_axe":1,"minecraft:white_bed":1},"minecraft:dropped":{"minecraft:coal":1,"minecraft:iron_chestplate":1,"minecraft:white_wool":1}},"DataVersion":3465}