{"stats":{"minecraft:picked_up":{"pizzacraft:pineapple_seeds":1,"minecraft:wheat_seeds":1,"minecraft:oak_log":3,"minecraft:dirt":11},"minecraft:used":{"minecraft:iron_chestplate":1,"minecraft:dirt":11,"minecraft:oak_planks":4},"minecraft:custom":{"minecraft:open_chest":2,"minecraft:time_since_rest":6294,"minecraft:crouch_one_cm":1541,"minecraft:sprint_one_cm":1850,"minecraft:play_time":6294,"minecraft:walk_one_cm":22932,"minecraft:sneak_time":511,"minecraft:drop":1,"minecraft:jump":49,"minecraft:damage_dealt":21,"minecraft:leave_game":1,"minecraft:time_since_death":6294,"minecraft:total_world_time":6294,"minecraft:fall_one_cm":952,"minecraft:fly_one_cm":2531},"minecraft:mined":{"minecraft:grass":4,"minecraft:grass_block":11,"minecraft:oak_log":3,"minecraft:tall_grass":1,"minecraft:oak_planks":1},"minecraft:crafted":{"minecraft:oak_planks":4},"minecraft:dropped":{"minecraft:iron_chestplate":1}},"DataVersion":3465}