{"stats":{"minecraft:mined":{"minecraft:kelp_plant":1,"minecraft:snow_block":26,"minecraft:cherry_log":60,"minecraft:powder_snow":4,"minecraft:crafting_table":5,"biomesoplenty:bush":1,"minecraft:tall_grass":7,"caupona:walnut_fruits":1,"minecraft:hay_block":20,"biomesoplenty:jacaranda_log":142,"biomesoplenty:tall_lavender":2,"minecraft:furnace":1,"minecraft:snow":1,"minecraft:iron_ore":1,"minecraft:fire":1,"biomesoplenty:lavender":9,"minecraft:pumpkin":9,"biomesoplenty:fir_log":5,"minecraft:grass":21,"minecraft:oak_log":1,"minecraft:packed_ice":1,"biomesoplenty:barley":3,"minecraft:stone":36,"minecraft:fern":2},"minecraft:used":{"minecraft:flint_and_steel":1,"minecraft:stone_shovel":27,"minecraft:stone_pickaxe":1,"minecraft:wooden_pickaxe":38,"minecraft:iron_sword":40,"minecraft:crafting_table":7,"minecraft:wooden_axe":57,"minecraft:bread":10,"minecraft:iron_axe":16,"biomesoplenty:tall_lavender":1,"minecraft:stone_axe":259,"minecraft:golden_sword":44,"minecraft:bow":3,"minecraft:furnace":1,"minecraft:cooked_porkchop":8,"tombstone:gift":4,"alexsmobs:animal_dictionary":1},"minecraft:custom":{"minecraft:interact_with_furnace":7,"minecraft:mob_kills":63,"minecraft:animals_bred":1,"minecraft:interact_with_crafting_table":25,"minecraft:leave_game":1,"minecraft:time_since_death":37882,"minecraft:climb_one_cm":1624,"minecraft:waystone_activated":1,"minecraft:time_since_rest":36995,"minecraft:sprint_one_cm":131496,"minecraft:damage_taken":2717,"minecraft:walk_one_cm":317466,"minecraft:drop":26,"minecraft:damage_dealt":8716,"minecraft:swim_one_cm":5877,"minecraft:fly_one_cm":260264,"minecraft:open_chest":14,"minecraft:crouch_one_cm":4537,"tombstone:undead_killed":15,"minecraft:play_time":91243,"minecraft:deaths":2,"minecraft:sneak_time":958,"minecraft:walk_under_water_one_cm":4459,"minecraft:jump":1476,"minecraft:walk_on_water_one_cm":4222,"minecraft:total_world_time":91243,"minecraft:fall_one_cm":60223},"minecraft:picked_up":{"biomesoplenty:lavender":6,"minecraft:crafting_table":5,"minecraft:feather":2,"minecraft:chicken":2,"minecraft:leather":11,"biomesoplenty:fir_log":4,"biomesoplenty:jacaranda_sapling":56,"minecraft:magenta_dye":1,"minecraft:oak_log":1,"tombstone:grave_key":2,"minecraft:gunpowder":1,"minecraft:string":9,"minecraft:moss_carpet":1,"biomesoplenty:tall_lavender":1,"pizzacraft:cucumber_seeds":1,"minecraft:bone":6,"minecraft:wheat_seeds":5,"minecraft:beef":37,"minecraft:rose_bush":1,"minecraft:stripped_oak_wood":1,"minecraft:gray_bed":1,"minecraft:egg":3,"minecraft:furnace":1,"minecraft:raw_iron":1,"minecraft:stick":58,"scalinghealth:heart_crystal_shard":2,"minecraft:cooked_porkchop":2,"minecraft:pumpkin":9,"minecraft:porkchop":21,"minecraft:cherry_log":65,"tombstone:grave_dust":1,"minecraft:spider_eye":2,"minecraft:arrow":1,"biomesoplenty:jacaranda_log":119,"minecraft:stone_axe":1,"minecraft:hay_block":20,"minecraft:cherry_sapling":44,"alexsmobs:maggot":2,"minecraft:snowball":105,"minecraft:mutton":6,"minecraft:white_wool":3,"minecraft:cobblestone":35},"minecraft:crafted":{"minecraft:cherry_planks":4,"minecraft:oak_planks":4,"minecraft:stone_shovel":1,"sophisticatedbackpacks:backpack":2,"biomesoplenty:jacaranda_planks":40,"minecraft:cooked_porkchop":10,"minecraft:crafting_table":3,"minecraft:wooden_pickaxe":1,"minecraft:furnace":1,"minecraft:stone_axe":4,"minecraft:bread":36,"minecraft:air":0,"minecraft:purple_dye":1,"minecraft:iron_axe":1,"minecraft:stick":8,"minecraft:stone_pickaxe":2,"minecraft:wooden_axe":1,"minecraft:chest":2,"minecraft:wheat":108},"minecraft:dropped":{"biomesoplenty:fir_log":4,"minecraft:stone_axe":1,"alexsmobs:maggot":2,"minecraft:wheat_seeds":3,"minecraft:cooked_porkchop":4,"biomesoplenty:lavender":5,"minecraft:feather":2,"minecraft:spectral_arrow":1,"sophisticatedbackpacks:backpack":1,"tombstone:grave_key":2,"minecraft:rose_bush":1,"minecraft:golden_leggings":1,"minecraft:spider_eye":2,"minecraft:magenta_dye":1,"minecraft:wooden_pickaxe":1,"minecraft:stripped_oak_wood":1,"minecraft:string":1,"minecraft:egg":3,"minecraft:bone":16},"minecraft:killed":{"earthmobsmod:dairy_cow":1,"earthmobsmod:sunset_cow":4,"minecraft:pig":9,"minecraft:spider":8,"earthmobsmod:cream_cow":3,"minecraft:creeper":1,"minecraft:sheep":4,"minecraft:skeleton":8,"minecraft:zombie":7,"minecraft:chicken":2,"earthmobsmod:pinto_cow":3,"minecraft:cow":8},"minecraft:broken":{"minecraft:golden_sword":1,"minecraft:stone_axe":2,"minecraft:wooden_axe":1}},"DataVersion":3465}