{"stats":{"minecraft:picked_up":{"minecraft:crafting_table":1,"minecraft:feather":7,"minecraft:chicken":5,"minecraft:wooden_pickaxe":1,"minecraft:oak_log":57,"minecraft:dirt":11,"minecraft:moss_carpet":1,"minecraft:apple":1,"minecraft:wheat_seeds":3,"minecraft:spruce_planks":7,"minecraft:iron_ingot":6,"minecraft:spruce_slab":1,"minecraft:stick":7,"pizzacraft:pineapple_seeds":1,"minecraft:pumpkin":8,"minecraft:porkchop":2,"minecraft:jungle_planks":3,"minecraft:spruce_sapling":1,"minecraft:jungle_slab":1,"minecraft:emerald":1,"alexsmobs:maggot":2,"minecraft:oak_sapling":17,"minecraft:mutton":2,"minecraft:coal":5,"minecraft:white_wool":1,"minecraft:cobblestone":18},"minecraft:broken":{"minecraft:wooden_axe":1},"minecraft:used":{"minecraft:spruce_slab":1,"minecraft:stone_pickaxe":12,"minecraft:oak_planks":4,"minecraft:spruce_planks":3,"minecraft:wooden_pickaxe":13,"minecraft:iron_chestplate":1,"minecraft:dirt":11,"minecraft:crafting_table":3,"minecraft:white_bed":1,"minecraft:wooden_axe":30,"alexsmobs:maggot":2,"minecraft:iron_axe":94,"minecraft:furnace":1},"minecraft:custom":{"minecraft:interact_with_furnace":3,"minecraft:mob_kills":10,"tombstone:raider_killed":2,"minecraft:interact_with_crafting_table":8,"minecraft:leave_game":1,"minecraft:time_since_death":30294,"minecraft:sleep_in_bed":1,"minecraft:climb_one_cm":236,"minecraft:time_since_rest":4729,"minecraft:damage_taken":589,"minecraft:sprint_one_cm":2171,"minecraft:walk_one_cm":138596,"minecraft:drop":3,"minecraft:damage_dealt":2674,"minecraft:swim_one_cm":1872,"minecraft:fly_one_cm":4247,"minecraft:player_kills":1,"minecraft:open_chest":2,"minecraft:crouch_one_cm":3498,"minecraft:play_time":30294,"minecraft:sneak_time":1153,"minecraft:walk_under_water_one_cm":16242,"minecraft:jump":300,"minecraft:walk_on_water_one_cm":6519,"minecraft:total_world_time":30294,"minecraft:fall_one_cm":3596},"minecraft:mined":{"minecraft:spruce_planks":7,"minecraft:jungle_slab":1,"minecraft:crafting_table":1,"minecraft:grass_block":11,"minecraft:jungle_planks":3,"minecraft:tall_grass":3,"minecraft:oak_planks":1,"minecraft:pumpkin":8,"minecraft:grass":9,"minecraft:oak_log":61,"minecraft:coal_ore":5,"minecraft:vine":3,"minecraft:stone":18,"minecraft:spruce_slab":1,"minecraft:oak_leaves":1},"minecraft:killed":{"minecraft:pig":1,"minecraft:vindicator":2,"minecraft:sheep":1,"alexsmobs:terrapin":1,"minecraft:chicken":5},"minecraft:crafted":{"minecraft:oak_planks":12,"minecraft:cooked_porkchop":2,"minecraft:crafting_table":2,"minecraft:furnace":1,"minecraft:cooked_mutton":1,"minecraft:air":0,"minecraft:iron_axe":1,"minecraft:stick":4,"minecraft:stone_pickaxe":1,"minecraft:wooden_axe":1,"minecraft:white_bed":1},"minecraft:dropped":{"minecraft:coal":1,"minecraft:iron_chestplate":1,"minecraft:white_wool":1}},"DataVersion":3465}