{"stats":{"minecraft:killed":{"earthmobsmod:duck":6,"minecraft:cave_spider":3,"earthmobsmod:hyper_rabbit":3,"earthmobsmod:jumbo_rabbit":2,"minecraft:spider":11,"minecraft:vindicator":2,"minecraft:skeleton":1,"minecraft:chicken":11,"earthmobsmod:fancy_chicken":1,"alexsmobs:flying_fish":2,"earthmobsmod:dairy_cow":10,"minecraft:pig":6,"minecraft:frog":3,"minecraft:creeper":1,"minecraft:sheep":2,"minecraft:pillager":2,"minecraft:zombie":6,"alexsmobs:terrapin":1,"minecraft:wither_skeleton":11,"minecraft:cow":5},"minecraft:picked_up":{"minecraft:crafting_table":2,"minecraft:azure_bluet":5,"minecraft:chicken":18,"minecraft:diamond_sword":2,"minecraft:wooden_pickaxe":1,"minecraft:potion":1,"minecraft:amethyst_block":8,"minecraft:string":18,"minecraft:moss_carpet":1,"minecraft:iron_axe":1,"minecraft:spruce_planks":15,"minecraft:beef":33,"minecraft:oak_boat":1,"minecraft:smooth_quartz":94,"minecraft:spruce_slab":1,"minecraft:furnace":1,"minecraft:dark_oak_sapling":17,"minecraft:stick":37,"pizzacraft:pineapple_seeds":1,"minecraft:torch":1,"fairylights:candle_lantern":3,"minecraft:porkchop":15,"pizzacraft:tomato_seeds":3,"minecraft:cherry_log":17,"minecraft:rabbit_foot":3,"minecraft:dark_oak_planks":7,"simplyswords:gold_spear":1,"minecraft:arrow":10,"minecraft:rotten_flesh":4,"minecraft:mutton":3,"alexsmobs:flying_fish":13,"minecraft:white_wool":2,"minecraft:cobblestone":194,"minecraft:feather":22,"minecraft:lilac":3,"pizzacraft:pepper_seeds":6,"minecraft:leather":15,"minecraft:oak_log":70,"scalinghealth:bandages":2,"scalinghealth:heart_crystal":4,"minecraft:dirt":290,"simplyswords:frostfall":1,"pizzacraft:cucumber_seeds":1,"minecraft:bone":23,"minecraft:apple":3,"bakery:oat_seeds":2,"minecraft:wheat_seeds":18,"minecraft:rabbit_hide":5,"minecraft:spruce_wood":41,"minecraft:heart_of_the_sea":1,"minecraft:iron_ingot":6,"scalinghealth:power_crystal_shard":5,"tombstone:bag_of_seeds":1,"minecraft:rabbit":2,"scalinghealth:heart_crystal_shard":4,"minecraft:pumpkin":8,"recrafted_creatures:megaphone":1,"minecraft:jungle_planks":3,"minecraft:spruce_sapling":1,"minecraft:spruce_log":32,"minecraft:jungle_slab":1,"minecraft:spider_eye":2,"minecraft:dark_prismarine":1,"minecraft:oak_wood":5,"minecraft:bone_meal":1,"minecraft:cherry_sapling":42,"minecraft:emerald":1,"minecraft:bread":10,"alexsmobs:maggot":2,"tombstone:magic_scroll":1,"minecraft:oak_sapling":20,"minecraft:dark_oak_wood":2,"minecraft:coal":37},"minecraft:dropped":{"recrafted_creatures:megaphone":1,"minecraft:bread":8,"minecraft:iron_sword":1,"minecraft:wheat_seeds":7,"minecraft:cooked_beef":1,"minecraft:feather":22,"minecraft:amethyst_block":2,"pizzacraft:cucumber_seeds":1,"minecraft:coal":1,"minecraft:stick":3,"bakery:strawberry_seeds":2,"scalinghealth:heart_crystal":1,"minecraft:dark_oak_wood":2,"minecraft:smooth_quartz":29,"alexsmobs:flying_fish":1,"artifacts:charm_of_sinking":1,"minecraft:potion":1,"minecraft:iron_axe":2,"minecraft:white_wool":1,"minecraft:bone":5,"bakery:oat_seeds":2,"minecraft:moss_carpet":1,"sophisticatedbackpacks:backpack":1,"minecraft:cooked_mutton":1,"minecraft:rabbit_foot":2,"minecraft:filled_map":2,"minecraft:diamond_sword":1,"pizzacraft:pepper_seeds":6,"minecraft:gunpowder":32,"minecraft:spruce_planks":4,"minecraft:iron_chestplate":1,"minecraft:spider_eye":1,"pizzacraft:pineapple_seeds":1,"minecraft:arrow":1,"minecraft:stone_pickaxe":1,"minecraft:dark_prismarine":1,"pizzacraft:tomato_seeds":3},"minecraft:crafted":{"minecraft:oak_planks":68,"minecraft:cooked_chicken":8,"minecraft:furnace":3,"minecraft:bone_meal":54,"minecraft:cooked_mutton":2,"minecraft:iron_axe":2,"minecraft:stone_pickaxe":1,"minecraft:chest":6,"alexsmobs:cooked_catfish":3,"minecraft:cooked_beef":5,"sophisticatedbackpacks:backpack":2,"minecraft:cooked_porkchop":2,"minecraft:crafting_table":4,"minecraft:spruce_planks":16,"minecraft:iron_sword":1,"minecraft:air":0,"minecraft:oak_boat":1,"minecraft:stick":12,"minecraft:iron_pickaxe":1,"minecraft:wooden_axe":1,"minecraft:white_bed":1,"minecraft:torch":84},"minecraft:custom":{"minecraft:mob_kills":90,"minecraft:animals_bred":2,"minecraft:interact_with_crafting_table":17,"minecraft:open_barrel":3,"minecraft:damage_dealt_resisted":1528,"minecraft:leave_game":7,"minecraft:time_since_death":381274,"minecraft:climb_one_cm":3083,"minecraft:sprint_one_cm":167954,"minecraft:walk_one_cm":1305080,"minecraft:drop":58,"minecraft:talked_to_villager":13,"minecraft:play_time":501974,"minecraft:deaths":1,"minecraft:sneak_time":8607,"minecraft:walk_under_water_one_cm":25168,"minecraft:boat_one_cm":11295,"minecraft:jump":2993,"minecraft:walk_on_water_one_cm":12116,"minecraft:total_world_time":501974,"minecraft:interact_with_furnace":19,"tombstone:raider_killed":4,"minecraft:sleep_in_bed":1,"minecraft:waystone_activated":2,"minecraft:time_since_rest":380792,"minecraft:damage_taken":3357,"minecraft:damage_dealt":18401,"minecraft:swim_one_cm":10942,"minecraft:player_kills":1,"minecraft:fly_one_cm":1362840,"minecraft:open_chest":34,"minecraft:crouch_one_cm":24913,"tombstone:undead_killed":18,"minecraft:interact_with_smoker":1,"minecraft:fall_one_cm":62743},"minecraft:broken":{"minecraft:iron_axe":1,"minecraft:wooden_axe":1},"minecraft:used":{"biomesoplenty:clover":1,"minecraft:cherry_sapling":47,"biomesoplenty:redwood_door":1,"minecraft:flint_and_steel":19,"minecraft:smooth_quartz_slab":2,"minecraft:spruce_slab":26,"minecraft:chest":4,"minecraft:spruce_planks":3,"biomesoplenty:hellbark_trapdoor":69,"minecraft:cooked_chicken":8,"minecraft:iron_chestplate":1,"minecraft:torch":7,"minecraft:dirt":11,"biomesoplenty:hellbark_pressure_plate":1,"minecraft:deepslate_brick_slab":77,"mcwbridges:deepslate_brick_bridge_pier":2,"minecraft:polished_diorite":59,"minecraft:glass":88,"minecraft:dark_oak_planks":132,"minecraft:wooden_axe":30,"alexsmobs:maggot":2,"minecraft:bricks":6,"simplyswords:diamond_scythe":13,"minecraft:iron_axe":338,"minecraft:grass_block":1761,"minecraft:quartz_block":4,"minecraft:dark_oak_slab":14,"minecraft:smooth_quartz":65,"minecraft:stone_bricks":362,"minecraft:glowstone":3,"biomesoplenty:hellbark_door":9,"minecraft:beef":6,"minecraft:furnace":4,"tombstone:gift":2,"minecraft:cooked_beef":4,"minecraft:pearlescent_froglight":5,"minecraft:cherry_log":3,"minecraft:deepslate_brick_wall":1,"minecraft:cooked_mutton":1,"alexsmobs:cooked_catfish":3,"biomesoplenty:jacaranda_door":3,"minecraft:amethyst_block":6,"minecraft:snow_block":2,"pfm:cherry_black_simple_bed":8,"minecraft:stone_pickaxe":121,"minecraft:oak_planks":10,"minecraft:wooden_pickaxe":13,"biomesoplenty:stripped_hellbark_wood":109,"biomesoplenty:black_sandstone_slab":5,"minecraft:tnt":26,"minecraft:crafting_table":6,"simplyswords:diamond_claymore":2,"minecraft:white_bed":1,"biomesoplenty:mahogany_door":1,"biomesoplenty:cut_black_sandstone_slab":3,"biomesoplenty:hellbark_slab":361,"minecraft:blackstone_wall":4,"biomesoplenty:stripped_hellbark_log":2,"biomesoplenty:hellbark_planks":183,"minecraft:deepslate_brick_stairs":23,"minecraft:mushroom_stem":8,"minecraft:deepslate_tile_wall":36,"mcwbridges:balustrade_deepslate_tiles_bridge":1,"tombstone:bag_of_seeds":2,"easy_villagers:villager":14,"minecraft:apple":3,"minecraft:cherry_door":1,"biomesoplenty:smooth_black_sandstone_slab":2,"minecraft:bread":8,"minecraft:iron_pickaxe":56,"mcwpaths:deepslate_windmill_weave_slab":366,"biomesoplenty:hellbark_fence":36,"simplyswords:frostfall":13,"simplyswords:diamond_chakram":5,"minecraft:diamond_sword":187,"minecraft:cooked_porkchop":2,"minecraft:dark_oak_fence":17,"recrafted_creatures:frog_bucket":18,"minecraft:crimson_door":1,"minecraft:oak_boat":1,"minecraft:white_concrete":253,"minecraft:bone_meal":18},"minecraft:mined":{"minecraft:dark_oak_planks":8,"biomesoplenty:glowing_moss_block":1,"minecraft:dark_prismarine":6,"minecraft:spruce_planks":22,"minecraft:jungle_slab":1,"minecraft:cherry_log":36,"minecraft:cherry_sapling":7,"minecraft:grass_block":11,"minecraft:spruce_fence":4,"minecraft:jungle_planks":3,"minecraft:spawner":4,"minecraft:furnace":1,"minecraft:pumpkin":8,"minecraft:vine":5,"minecraft:spruce_wood":39,"minecraft:stone":39,"minecraft:spruce_slab":2,"biomesoplenty:glowworm_silk":2,"minecraft:crafting_table":2,"minecraft:dark_oak_wood":3,"minecraft:oak_wood":5,"minecraft:tall_grass":13,"biomesoplenty:sprout":3,"biomesoplenty:huge_clover_petal":2,"minecraft:oak_planks":1,"minecraft:spruce_stairs":1,"biomesoplenty:glowworm_silk_strand":1,"minecraft:lilac":4,"minecraft:spruce_log":36,"biomesoplenty:maple_leaves":1,"minecraft:grass":45,"biomesoplenty:clover":3,"minecraft:oak_log":74,"minecraft:coal_ore":29,"biomesoplenty:fir_leaves":1,"minecraft:smooth_quartz":108,"minecraft:oak_leaves":3}},"DataVersion":3465}