{"stats":{"minecraft:used":{"minecraft:wooden_axe":57,"minecraft:crafting_table":1,"biomesoplenty:tall_lavender":1,"minecraft:golden_sword":16},"minecraft:mined":{"minecraft:grass":3,"biomesoplenty:jacaranda_log":51,"minecraft:oak_log":1,"biomesoplenty:tall_lavender":1,"biomesoplenty:barley":3,"minecraft:tall_grass":1,"biomesoplenty:lavender":1},"minecraft:custom":{"minecraft:deaths":1,"minecraft:time_since_rest":2738,"minecraft:sprint_one_cm":12837,"minecraft:crouch_one_cm":186,"minecraft:play_time":7243,"minecraft:damage_taken":470,"minecraft:walk_one_cm":28933,"minecraft:sneak_time":22,"minecraft:mob_kills":5,"minecraft:jump":115,"minecraft:damage_dealt":779,"minecraft:leave_game":1,"minecraft:time_since_death":3349,"minecraft:total_world_time":7243,"tombstone:undead_killed":3,"minecraft:interact_with_crafting_table":2,"minecraft:fall_one_cm":5157,"minecraft:fly_one_cm":40065,"minecraft:open_chest":1},"minecraft:picked_up":{"minecraft:stick":7,"biomesoplenty:tall_lavender":1,"biomesoplenty:jacaranda_log":33,"minecraft:wheat_seeds":1,"biomesoplenty:jacaranda_sapling":14,"minecraft:oak_log":1,"alexsmobs:maggot":2,"minecraft:string":1},"minecraft:crafted":{"minecraft:oak_planks":4,"biomesoplenty:jacaranda_planks":12,"minecraft:crafting_table":2,"minecraft:stick":8,"minecraft:wooden_axe":1},"minecraft:killed":{"minecraft:spider":1,"minecraft:zombie":1,"minecraft:skeleton":2},"minecraft:broken":{"minecraft:wooden_axe":1}},"DataVersion":3465}