{"stats":{"minecraft:mined":{"minecraft:cherry_log":60,"minecraft:crafting_table":4,"biomesoplenty:bush":1,"minecraft:tall_grass":6,"caupona:walnut_fruits":1,"minecraft:hay_block":16,"biomesoplenty:jacaranda_log":142,"biomesoplenty:tall_lavender":2,"minecraft:furnace":1,"minecraft:iron_ore":1,"minecraft:fire":1,"biomesoplenty:lavender":9,"biomesoplenty:fir_log":5,"minecraft:grass":16,"minecraft:oak_log":1,"biomesoplenty:barley":3,"minecraft:stone":36,"minecraft:fern":2},"minecraft:used":{"minecraft:flint_and_steel":1,"minecraft:stone_pickaxe":1,"minecraft:wooden_pickaxe":38,"minecraft:iron_sword":8,"minecraft:crafting_table":6,"minecraft:wooden_axe":57,"minecraft:bread":2,"minecraft:iron_axe":4,"biomesoplenty:tall_lavender":1,"minecraft:stone_axe":250,"minecraft:golden_sword":44,"minecraft:bow":1,"minecraft:furnace":1,"minecraft:cooked_porkchop":8,"tombstone:gift":4,"alexsmobs:animal_dictionary":1},"minecraft:custom":{"minecraft:interact_with_furnace":7,"minecraft:mob_kills":49,"minecraft:animals_bred":1,"minecraft:interact_with_crafting_table":23,"minecraft:leave_game":1,"minecraft:time_since_death":13882,"minecraft:climb_one_cm":1624,"minecraft:waystone_activated":1,"minecraft:time_since_rest":12995,"minecraft:sprint_one_cm":101747,"minecraft:damage_taken":1968,"minecraft:walk_one_cm":238254,"minecraft:drop":24,"minecraft:damage_dealt":6690,"minecraft:fly_one_cm":180784,"minecraft:open_chest":8,"minecraft:crouch_one_cm":2746,"tombstone:undead_killed":12,"minecraft:play_time":67243,"minecraft:deaths":2,"minecraft:sneak_time":610,"minecraft:jump":1129,"minecraft:walk_on_water_one_cm":1496,"minecraft:total_world_time":67243,"minecraft:fall_one_cm":42048},"minecraft:picked_up":{"biomesoplenty:lavender":6,"minecraft:crafting_table":4,"minecraft:feather":2,"minecraft:chicken":2,"minecraft:leather":8,"biomesoplenty:fir_log":4,"biomesoplenty:jacaranda_sapling":56,"minecraft:magenta_dye":1,"minecraft:oak_log":1,"tombstone:grave_key":2,"minecraft:gunpowder":1,"minecraft:string":9,"biomesoplenty:tall_lavender":1,"minecraft:bone":2,"minecraft:wheat_seeds":4,"minecraft:beef":21,"minecraft:rose_bush":1,"minecraft:stripped_oak_wood":1,"minecraft:egg":3,"minecraft:furnace":1,"minecraft:raw_iron":1,"minecraft:stick":58,"scalinghealth:heart_crystal_shard":2,"minecraft:cooked_porkchop":2,"minecraft:porkchop":21,"minecraft:cherry_log":65,"tombstone:grave_dust":1,"minecraft:spider_eye":2,"minecraft:arrow":1,"biomesoplenty:jacaranda_log":119,"minecraft:stone_axe":1,"minecraft:hay_block":16,"minecraft:cherry_sapling":44,"alexsmobs:maggot":2,"minecraft:mutton":5,"minecraft:white_wool":3,"minecraft:cobblestone":35},"minecraft:crafted":{"minecraft:cherry_planks":4,"minecraft:oak_planks":4,"sophisticatedbackpacks:backpack":2,"biomesoplenty:jacaranda_planks":40,"minecraft:cooked_porkchop":10,"minecraft:crafting_table":3,"minecraft:wooden_pickaxe":1,"minecraft:furnace":1,"minecraft:stone_axe":4,"minecraft:bread":36,"minecraft:air":0,"minecraft:purple_dye":1,"minecraft:iron_axe":1,"minecraft:stick":8,"minecraft:stone_pickaxe":2,"minecraft:wooden_axe":1,"minecraft:chest":2,"minecraft:wheat":108},"minecraft:dropped":{"biomesoplenty:fir_log":4,"minecraft:stone_axe":1,"alexsmobs:maggot":2,"minecraft:wheat_seeds":2,"minecraft:cooked_porkchop":4,"biomesoplenty:lavender":5,"minecraft:feather":2,"sophisticatedbackpacks:backpack":1,"tombstone:grave_key":2,"minecraft:rose_bush":1,"minecraft:golden_leggings":1,"minecraft:spider_eye":2,"minecraft:magenta_dye":1,"minecraft:wooden_pickaxe":1,"minecraft:stripped_oak_wood":1,"minecraft:string":1,"minecraft:egg":3,"minecraft:bone":16},"minecraft:killed":{"earthmobsmod:dairy_cow":1,"earthmobsmod:sunset_cow":4,"minecraft:pig":9,"minecraft:spider":7,"minecraft:creeper":1,"minecraft:sheep":3,"minecraft:skeleton":6,"minecraft:zombie":6,"minecraft:chicken":2,"earthmobsmod:pinto_cow":3,"minecraft:cow":2},"minecraft:broken":{"minecraft:golden_sword":1,"minecraft:stone_axe":1,"minecraft:wooden_axe":1}},"DataVersion":3465}