{"stats":{"minecraft:picked_up":{"minecraft:crafting_table":2,"minecraft:feather":11,"minecraft:chicken":8,"minecraft:leather":3,"minecraft:wooden_pickaxe":1,"minecraft:oak_log":70,"minecraft:dirt":11,"minecraft:moss_carpet":1,"pizzacraft:cucumber_seeds":1,"minecraft:apple":3,"minecraft:wheat_seeds":6,"minecraft:rabbit_hide":2,"minecraft:spruce_planks":7,"minecraft:spruce_wood":41,"minecraft:beef":5,"minecraft:iron_ingot":6,"minecraft:oak_boat":1,"scalinghealth:power_crystal_shard":5,"minecraft:smooth_quartz":7,"minecraft:rabbit":1,"minecraft:spruce_slab":1,"minecraft:furnace":1,"minecraft:dark_oak_sapling":17,"minecraft:stick":23,"pizzacraft:pineapple_seeds":1,"minecraft:pumpkin":8,"minecraft:porkchop":5,"minecraft:jungle_planks":3,"minecraft:cherry_log":15,"minecraft:spruce_sapling":1,"minecraft:spruce_log":32,"minecraft:jungle_slab":1,"minecraft:rabbit_foot":1,"minecraft:oak_wood":5,"minecraft:cherry_sapling":6,"minecraft:emerald":1,"alexsmobs:maggot":2,"minecraft:oak_sapling":20,"minecraft:mutton":2,"minecraft:coal":29,"minecraft:white_wool":1,"minecraft:cobblestone":27},"minecraft:broken":{"minecraft:wooden_axe":1},"minecraft:used":{"minecraft:cooked_mutton":1,"minecraft:stone_pickaxe":55,"minecraft:spruce_slab":1,"minecraft:oak_planks":10,"minecraft:spruce_planks":3,"minecraft:wooden_pickaxe":13,"minecraft:iron_chestplate":1,"minecraft:dirt":11,"minecraft:crafting_table":4,"minecraft:white_bed":1,"alexsmobs:maggot":2,"minecraft:wooden_axe":30,"minecraft:apple":3,"minecraft:iron_axe":247,"minecraft:smooth_quartz":1,"minecraft:furnace":1,"minecraft:cooked_porkchop":2,"minecraft:oak_boat":1},"minecraft:custom":{"minecraft:interact_with_furnace":4,"minecraft:mob_kills":18,"tombstone:raider_killed":2,"minecraft:interact_with_crafting_table":10,"minecraft:leave_game":2,"minecraft:time_since_death":51227,"minecraft:sleep_in_bed":1,"minecraft:climb_one_cm":961,"minecraft:time_since_rest":25662,"minecraft:sprint_one_cm":28333,"minecraft:damage_taken":652,"minecraft:walk_one_cm":232289,"minecraft:drop":6,"minecraft:damage_dealt":3519,"minecraft:swim_one_cm":3233,"minecraft:fly_one_cm":66121,"minecraft:player_kills":1,"minecraft:open_chest":2,"minecraft:crouch_one_cm":3534,"minecraft:play_time":51227,"minecraft:sneak_time":1222,"minecraft:walk_under_water_one_cm":16835,"minecraft:boat_one_cm":11295,"minecraft:jump":736,"minecraft:walk_on_water_one_cm":7214,"minecraft:total_world_time":51227,"minecraft:fall_one_cm":13400},"minecraft:mined":{"minecraft:dark_prismarine":4,"minecraft:spruce_planks":17,"minecraft:jungle_slab":1,"minecraft:cherry_log":15,"minecraft:crafting_table":2,"minecraft:dark_oak_wood":1,"minecraft:oak_wood":5,"minecraft:grass_block":11,"minecraft:jungle_planks":3,"minecraft:tall_grass":5,"minecraft:oak_planks":1,"minecraft:furnace":1,"minecraft:spruce_log":36,"biomesoplenty:maple_leaves":1,"minecraft:pumpkin":8,"minecraft:grass":17,"minecraft:oak_log":74,"minecraft:coal_ore":29,"minecraft:vine":5,"minecraft:smooth_quartz":5,"minecraft:spruce_wood":39,"minecraft:stone":27,"minecraft:oak_leaves":1,"minecraft:spruce_slab":2},"minecraft:killed":{"earthmobsmod:duck":3,"minecraft:pig":2,"earthmobsmod:jumbo_rabbit":1,"minecraft:vindicator":2,"minecraft:sheep":1,"alexsmobs:terrapin":1,"minecraft:chicken":5,"minecraft:cow":3},"minecraft:crafted":{"minecraft:oak_planks":52,"minecraft:cooked_porkchop":2,"minecraft:crafting_table":3,"minecraft:furnace":1,"minecraft:cooked_mutton":2,"minecraft:air":0,"minecraft:oak_boat":1,"minecraft:iron_axe":1,"minecraft:stick":4,"minecraft:stone_pickaxe":1,"minecraft:wooden_axe":1,"minecraft:white_bed":1},"minecraft:dropped":{"minecraft:moss_carpet":1,"minecraft:wheat_seeds":3,"minecraft:cooked_mutton":1,"minecraft:coal":1,"minecraft:iron_chestplate":1,"minecraft:white_wool":1}},"DataVersion":3465}