{"stats":{"minecraft:picked_up":{"minecraft:crafting_table":1,"pizzacraft:pineapple_seeds":1,"minecraft:jungle_planks":3,"minecraft:spruce_sapling":1,"minecraft:oak_log":3,"minecraft:jungle_slab":1,"minecraft:dirt":11,"minecraft:wheat_seeds":2,"minecraft:spruce_planks":7,"minecraft:iron_ingot":6,"minecraft:emerald":1,"alexsmobs:maggot":2,"minecraft:spruce_slab":1,"minecraft:mutton":2,"minecraft:white_wool":1},"minecraft:broken":{"minecraft:wooden_axe":1},"minecraft:used":{"alexsmobs:maggot":2,"minecraft:wooden_axe":30,"minecraft:iron_axe":10,"minecraft:spruce_slab":1,"minecraft:oak_planks":4,"minecraft:spruce_planks":2,"minecraft:iron_chestplate":1,"minecraft:dirt":11,"minecraft:crafting_table":2},"minecraft:custom":{"minecraft:time_since_rest":18294,"minecraft:sprint_one_cm":2171,"minecraft:damage_taken":589,"minecraft:walk_one_cm":64079,"minecraft:mob_kills":4,"minecraft:drop":1,"tombstone:raider_killed":2,"minecraft:damage_dealt":2296,"minecraft:swim_one_cm":1872,"minecraft:interact_with_crafting_table":2,"minecraft:fly_one_cm":4012,"minecraft:open_chest":2,"minecraft:crouch_one_cm":2044,"minecraft:play_time":18294,"minecraft:sneak_time":775,"minecraft:walk_under_water_one_cm":16242,"minecraft:jump":130,"minecraft:leave_game":1,"minecraft:time_since_death":18294,"minecraft:walk_on_water_one_cm":6519,"minecraft:total_world_time":18294,"minecraft:fall_one_cm":2173},"minecraft:mined":{"minecraft:spruce_planks":7,"minecraft:jungle_slab":1,"minecraft:crafting_table":1,"minecraft:grass":6,"minecraft:grass_block":11,"minecraft:oak_log":3,"minecraft:jungle_planks":3,"minecraft:tall_grass":3,"minecraft:oak_planks":1,"minecraft:spruce_slab":1},"minecraft:crafted":{"minecraft:oak_planks":12,"minecraft:iron_axe":1,"minecraft:crafting_table":2,"minecraft:stick":4,"minecraft:wooden_axe":1},"minecraft:killed":{"minecraft:sheep":1,"alexsmobs:terrapin":1,"minecraft:vindicator":2},"minecraft:dropped":{"minecraft:iron_chestplate":1}},"DataVersion":3465}