{"stats":{"minecraft:mined":{"biomesoplenty:jacaranda_log":142,"biomesoplenty:tall_lavender":2,"minecraft:furnace":1,"minecraft:cherry_log":60,"biomesoplenty:lavender":9,"minecraft:crafting_table":2,"minecraft:grass":10,"minecraft:oak_log":1,"minecraft:tall_grass":3,"biomesoplenty:barley":3,"minecraft:stone":36,"caupona:walnut_fruits":1},"minecraft:used":{"minecraft:wooden_axe":57,"biomesoplenty:tall_lavender":1,"minecraft:wooden_pickaxe":38,"minecraft:stone_axe":178,"minecraft:golden_sword":44,"minecraft:crafting_table":4,"minecraft:furnace":1,"minecraft:cooked_porkchop":4,"alexsmobs:animal_dictionary":1},"minecraft:custom":{"minecraft:time_since_rest":26738,"minecraft:interact_with_furnace":6,"minecraft:sprint_one_cm":42146,"minecraft:damage_taken":740,"minecraft:walk_one_cm":118421,"minecraft:mob_kills":21,"minecraft:drop":4,"minecraft:damage_dealt":2285,"minecraft:interact_with_crafting_table":14,"minecraft:fly_one_cm":88767,"minecraft:open_chest":1,"minecraft:crouch_one_cm":279,"minecraft:play_time":31243,"tombstone:undead_killed":4,"minecraft:deaths":1,"minecraft:sneak_time":43,"minecraft:jump":433,"minecraft:leave_game":1,"minecraft:time_since_death":27349,"minecraft:total_world_time":31243,"minecraft:fall_one_cm":17315},"minecraft:picked_up":{"biomesoplenty:lavender":6,"minecraft:crafting_table":2,"minecraft:stick":55,"minecraft:leather":4,"biomesoplenty:jacaranda_sapling":56,"minecraft:porkchop":11,"minecraft:oak_log":1,"minecraft:cherry_log":64,"minecraft:string":1,"biomesoplenty:tall_lavender":1,"biomesoplenty:jacaranda_log":119,"minecraft:wheat_seeds":2,"minecraft:beef":8,"minecraft:cherry_sapling":38,"alexsmobs:maggot":2,"minecraft:mutton":5,"minecraft:white_wool":3,"minecraft:cobblestone":35,"minecraft:furnace":1},"minecraft:crafted":{"minecraft:oak_planks":4,"biomesoplenty:jacaranda_planks":36,"minecraft:cooked_porkchop":10,"minecraft:crafting_table":3,"minecraft:stick":8,"minecraft:wooden_pickaxe":1,"minecraft:stone_pickaxe":2,"minecraft:wooden_axe":1,"minecraft:furnace":1,"minecraft:stone_axe":3,"minecraft:air":0},"minecraft:dropped":{"minecraft:stone_axe":1,"alexsmobs:maggot":2,"minecraft:wheat_seeds":2,"biomesoplenty:lavender":1},"minecraft:killed":{"minecraft:sheep":3,"minecraft:skeleton":2,"earthmobsmod:sunset_cow":4,"minecraft:zombie":2,"minecraft:pig":4,"minecraft:spider":1},"minecraft:broken":{"minecraft:wooden_axe":1,"minecraft:golden_sword":1,"minecraft:stone_axe":1}},"DataVersion":3465}