{"stats":{"minecraft:broken":{"minecraft:wooden_axe":1,"minecraft:iron_axe":1},"minecraft:dropped":{"minecraft:iron_sword":1,"minecraft:cooked_beef":1,"minecraft:dark_oak_wood":2,"alexsmobs:flying_fish":1,"artifacts:charm_of_sinking":1,"minecraft:white_wool":1,"minecraft:bone":5,"bakery:oat_seeds":2,"another_furniture:white_sofa":1,"minecraft:cooked_mutton":1,"minecraft:salmon":1,"minecraft:rabbit_foot":2,"pizzacraft:pepper_seeds":6,"minecraft:gunpowder":32,"minecraft:arrow":1,"recrafted_creatures:megaphone":1,"minecraft:bread":8,"minecraft:wheat_seeds":7,"minecraft:feather":22,"minecraft:amethyst_block":2,"pizzacraft:cucumber_seeds":1,"minecraft:coal":1,"minecraft:stick":3,"bakery:strawberry_seeds":2,"scalinghealth:heart_crystal":1,"minecraft:smooth_quartz":29,"minecraft:potion":1,"minecraft:iron_axe":2,"minecraft:moss_carpet":1,"minecraft:sticky_piston":1,"cfm:spatula":1,"minecraft:slime_block":1,"sophisticatedbackpacks:backpack":1,"minecraft:filled_map":2,"minecraft:diamond_sword":1,"minecraft:spruce_planks":4,"minecraft:iron_chestplate":1,"minecraft:cat_spawn_egg":1,"minecraft:spider_eye":1,"pizzacraft:pineapple_seeds":1,"minecraft:stone_pickaxe":1,"minecraft:dark_prismarine":1,"pizzacraft:tomato_seeds":3},"minecraft:picked_up":{"minecraft:diamond_sword":2,"minecraft:potion":1,"minecraft:amethyst_block":8,"biomesoplenty:hellbark_planks":29,"minecraft:string":22,"minecraft:spruce_planks":15,"minecraft:smooth_quartz":94,"minecraft:furnace":1,"minecraft:stick":37,"pizzacraft:pineapple_seeds":1,"minecraft:torch":1,"fairylights:candle_lantern":4,"minecraft:porkchop":15,"pizzacraft:tomato_seeds":3,"minecraft:cherry_log":17,"minecraft:rabbit_foot":3,"simplyswords:gold_spear":1,"minecraft:rotten_flesh":4,"alexsmobs:flying_fish":14,"minecraft:cobblestone":277,"minecraft:feather":22,"minecraft:lilac":3,"minecraft:repeater":3,"pizzacraft:pepper_seeds":6,"minecraft:dirt":358,"simplyswords:frostfall":1,"minecraft:bone":24,"pizzacraft:cucumber_seeds":1,"minecraft:wheat_seeds":18,"minecraft:rabbit":2,"minecraft:jungle_planks":3,"minecraft:grass_block":3,"minecraft:jungle_slab":1,"minecraft:dark_prismarine":1,"minecraft:slime_block":1,"minecraft:polished_blackstone_button":2,"minecraft:bone_meal":1,"minecraft:white_concrete":3,"minecraft:emerald":1,"minecraft:bread":10,"alexsmobs:maggot":2,"minecraft:oak_sapling":20,"minecraft:crafting_table":2,"minecraft:azure_bluet":5,"minecraft:chicken":18,"biomesoplenty:hellbark_trapdoor":1,"minecraft:wooden_pickaxe":1,"minecraft:iron_axe":1,"minecraft:moss_carpet":1,"minecraft:cat_spawn_egg":1,"minecraft:beef":33,"minecraft:oak_boat":1,"minecraft:spruce_slab":1,"minecraft:chest":6,"minecraft:dark_oak_sapling":17,"minecraft:redstone":9,"minecraft:dark_oak_planks":7,"pfm:gray_oven_range_hood":2,"minecraft:arrow":10,"cfm:spatula":1,"minecraft:mutton":3,"minecraft:white_wool":2,"minecraft:leather":17,"minecraft:oak_log":70,"scalinghealth:bandages":3,"minecraft:gunpowder":2,"scalinghealth:heart_crystal":6,"minecraft:apple":3,"bakery:oat_seeds":2,"minecraft:heart_of_the_sea":1,"minecraft:spruce_wood":41,"minecraft:rabbit_hide":8,"another_furniture:white_sofa":1,"minecraft:iron_ingot":6,"scalinghealth:power_crystal_shard":5,"tombstone:bag_of_seeds":1,"scalinghealth:heart_crystal_shard":4,"minecraft:pumpkin":8,"recrafted_creatures:megaphone":1,"minecraft:gravel":23,"minecraft:spruce_sapling":1,"minecraft:spruce_log":32,"minecraft:spider_eye":3,"minecraft:oak_wood":5,"minecraft:cherry_sapling":48,"tombstone:magic_scroll":1,"minecraft:dark_oak_wood":2,"minecraft:coal":37,"minecraft:ender_pearl":1},"minecraft:mined":{"minecraft:dark_oak_planks":8,"minecraft:spruce_planks":22,"minecraft:jungle_slab":1,"minecraft:cherry_log":36,"minecraft:grass_block":11,"minecraft:spawner":4,"minecraft:pumpkin":8,"minecraft:spruce_wood":39,"minecraft:spruce_slab":2,"biomesoplenty:glowworm_silk":2,"minecraft:dark_oak_wood":3,"minecraft:oak_planks":1,"biomesoplenty:glowworm_silk_strand":1,"minecraft:lilac":4,"biomesoplenty:maple_leaves":1,"minecraft:grass":45,"biomesoplenty:clover":3,"minecraft:oak_log":74,"minecraft:smooth_quartz":108,"minecraft:oak_leaves":3,"minecraft:dark_prismarine":6,"biomesoplenty:glowing_moss_block":1,"minecraft:cherry_sapling":7,"minecraft:spruce_fence":4,"minecraft:jungle_planks":3,"minecraft:furnace":1,"minecraft:vine":5,"minecraft:stone":39,"minecraft:crafting_table":2,"minecraft:oak_wood":5,"minecraft:tall_grass":13,"biomesoplenty:sprout":3,"biomesoplenty:huge_clover_petal":2,"minecraft:spruce_stairs":1,"minecraft:spruce_log":36,"minecraft:coal_ore":29,"biomesoplenty:fir_leaves":1},"minecraft:custom":{"minecraft:animals_bred":2,"minecraft:interact_with_crafting_table":17,"minecraft:open_barrel":3,"minecraft:microwave_used":3,"minecraft:leave_game":12,"minecraft:time_since_death":791469,"minecraft:sprint_one_cm":184674,"minecraft:drop":64,"minecraft:talked_to_villager":14,"minecraft:play_time":912169,"minecraft:deaths":1,"minecraft:jump":3478,"minecraft:walk_on_water_one_cm":12116,"minecraft:interact_with_furnace":19,"minecraft:sleep_in_bed":1,"minecraft:waystone_activated":2,"minecraft:damage_dealt":22411,"minecraft:player_kills":1,"minecraft:crouch_one_cm":53516,"tombstone:undead_killed":20,"minecraft:interact_with_smoker":1,"minecraft:inspect_dropper":2,"minecraft:mob_kills":105,"minecraft:damage_dealt_resisted":1578,"minecraft:climb_one_cm":3083,"minecraft:walk_one_cm":1810863,"minecraft:fridge_opened":3,"minecraft:chair_used":2,"minecraft:sneak_time":21212,"minecraft:walk_under_water_one_cm":25168,"minecraft:boat_one_cm":11295,"minecraft:drawer_searched":4,"minecraft:total_world_time":912169,"tombstone:raider_killed":4,"minecraft:trashcan_opened":1,"minecraft:cabinet_searched":2,"minecraft:time_since_rest":790987,"minecraft:damage_taken":3357,"minecraft:swim_one_cm":10942,"minecraft:fly_one_cm":2551681,"minecraft:open_chest":34,"minecraft:fall_one_cm":62743},"minecraft:crafted":{"minecraft:oak_planks":68,"minecraft:cooked_chicken":9,"minecraft:cooked_mutton":2,"minecraft:chest":6,"alexsmobs:cooked_catfish":3,"sophisticatedbackpacks:backpack":2,"minecraft:cooked_porkchop":2,"minecraft:crafting_table":4,"minecraft:spruce_planks":16,"minecraft:stick":12,"minecraft:iron_pickaxe":1,"recrafted_creatures:frog_bucket":1,"minecraft:furnace":3,"minecraft:bone_meal":54,"minecraft:iron_axe":2,"minecraft:stone_pickaxe":1,"minecraft:cooked_beef":5,"minecraft:iron_sword":1,"minecraft:air":0,"minecraft:oak_boat":1,"minecraft:wooden_axe":1,"minecraft:white_bed":1,"minecraft:torch":84},"minecraft:used":{"minecraft:cherry_sapling":47,"minecraft:smooth_quartz_slab":2,"minecraft:spruce_slab":26,"simplyswords:harbinger":17,"minecraft:chest":4,"minecraft:white_terracotta":1,"minecraft:stone":16,"biomesoplenty:hellbark_trapdoor":150,"cfm:stripped_birch_coffee_table":7,"minecraft:iron_chestplate":1,"minecraft:deepslate_brick_slab":77,"another_furniture:cherry_chair":13,"minecraft:obsidian":1,"minecraft:glass":134,"another_furniture:white_sofa":18,"cfm:door_mat":2,"minecraft:bricks":6,"minecraft:grass_block":1820,"minecraft:quartz_block":4,"mcwwindows:stripped_dark_oak_log_window2":16,"pfm:gray_oven_range_hood":4,"minecraft:dark_oak_slab":14,"minecraft:cherry_leaves":8,"mcwwindows:spruce_four_window":7,"minecraft:stone_bricks":382,"minecraft:repeater":13,"minecraft:furnace":4,"cfm:dark_oak_coffee_table":3,"minecraft:pearlescent_froglight":5,"minecraft:deepslate_brick_wall":1,"minecraft:dropper":5,"minecraft:stone_pickaxe":121,"minecraft:oak_planks":10,"alexsmobs:spawn_egg_sunbird":1,"minecraft:wooden_pickaxe":13,"minecraft:redstone_block":2,"minecraft:diamond_axe":20,"another_furniture:cherry_flower_box":4,"bakery:chocolate_box":6,"simplyswords:diamond_claymore":2,"biomesoplenty:black_sandstone_slab":5,"biomesoplenty:mahogany_door":1,"minecraft:blackstone_wall":4,"minecraft:deepslate_brick_stairs":23,"minecraft:redstone_torch":5,"minecraft:sticky_piston":32,"another_furniture:cherry_bench":8,"mcwwindows:diorite_pane_window":19,"minecraft:lever":4,"easy_villagers:villager":14,"another_furniture:crimson_chair":1,"mcwwindows:white_mosaic_glass":1,"biomesoplenty:smooth_black_sandstone_slab":2,"cfm:stripped_oak_coffee_table":3,"minecraft:bread":8,"another_furniture:white_lamp":1,"minecraft:cat_spawn_egg":4,"simplyswords:diamond_chakram":5,"simplyswords:frostfall":13,"minecraft:diamond_sword":187,"recrafted_creatures:frog_bucket":18,"minecraft:dark_oak_fence":17,"minecraft:crimson_door":1,"minecraft:oak_boat":1,"minecraft:white_concrete":2709,"minecraft:bone_meal":18,"simplyswords:sunfire":6,"biomesoplenty:clover":1,"biomesoplenty:redwood_door":1,"minecraft:flint_and_steel":67,"minecraft:redstone":39,"minecraft:spruce_planks":3,"minecraft:cooked_chicken":8,"another_furniture:black_lamp":1,"minecraft:torch":7,"minecraft:dirt":13,"biomesoplenty:hellbark_pressure_plate":1,"mcwbridges:deepslate_brick_bridge_pier":2,"minecraft:polished_diorite":97,"minecraft:wooden_axe":30,"minecraft:dark_oak_planks":132,"alexsmobs:maggot":2,"simplyswords:diamond_scythe":13,"minecraft:iron_axe":338,"mcwwindows:spruce_window":29,"minecraft:slime_block":4,"minecraft:smooth_quartz":65,"mcwwindows:stripped_dark_oak_log_four_window":1,"minecraft:glowstone":3,"biomesoplenty:hellbark_door":9,"minecraft:beef":6,"tombstone:gift":2,"minecraft:cooked_beef":4,"minecraft:cherry_log":3,"pfm:basic_lamp":2,"minecraft:observer":43,"fairylights:fairy_light":1,"minecraft:cooked_mutton":1,"biomesoplenty:jacaranda_door":3,"minecraft:water_bucket":5,"alexsmobs:cooked_catfish":3,"minecraft:amethyst_block":6,"minecraft:snow_block":2,"pfm:cherry_black_simple_bed":8,"biomesoplenty:stripped_hellbark_wood":514,"mcwwindows:birch_pane_window":4,"minecraft:tnt":76,"minecraft:crafting_table":6,"biomesoplenty:cut_black_sandstone_slab":3,"biomesoplenty:hellbark_slab":441,"minecraft:white_bed":1,"biomesoplenty:stripped_hellbark_log":2,"biomesoplenty:hellbark_planks":475,"mcwwindows:spruce_window2":19,"minecraft:mushroom_stem":8,"minecraft:deepslate_tile_wall":53,"tombstone:bag_of_seeds":2,"mcwbridges:balustrade_deepslate_tiles_bridge":1,"minecraft:apple":3,"minecraft:cherry_door":1,"minecraft:netherite_axe":8,"mcwpaths:deepslate_windmill_weave_slab":709,"minecraft:iron_pickaxe":56,"cfm:birch_coffee_table":3,"biomesoplenty:hellbark_fence":56,"minecraft:cooked_porkchop":2,"minecraft:polished_blackstone_button":7,"minecraft:candle":12},"minecraft:killed":{"earthmobsmod:duck":6,"minecraft:cave_spider":3,"earthmobsmod:jumbo_rabbit":2,"minecraft:spider":14,"minecraft:skeleton":1,"minecraft:chicken":11,"minecraft:pig":6,"minecraft:creeper":4,"minecraft:sheep":2,"minecraft:pillager":2,"minecraft:zombie":8,"alexsmobs:terrapin":1,"minecraft:cow":5,"pfm:chair":3,"earthmobsmod:hyper_rabbit":3,"minecraft:vindicator":2,"earthmobsmod:fancy_chicken":1,"alexsmobs:flying_fish":2,"earthmobsmod:dairy_cow":10,"minecraft:frog":3,"minecraft:wither_skeleton":11,"minecraft:enderman":3}},"DataVersion":3465}