{"stats":{"minecraft:picked_up":{"minecraft:crafting_table":2,"minecraft:chicken":8,"minecraft:diamond_sword":1,"minecraft:wooden_pickaxe":1,"minecraft:amethyst_block":8,"minecraft:string":2,"minecraft:moss_carpet":1,"minecraft:spruce_planks":15,"minecraft:beef":5,"minecraft:oak_boat":1,"minecraft:smooth_quartz":94,"minecraft:spruce_slab":1,"minecraft:furnace":1,"minecraft:dark_oak_sapling":17,"minecraft:stick":23,"pizzacraft:pineapple_seeds":1,"minecraft:torch":1,"minecraft:porkchop":5,"pizzacraft:tomato_seeds":3,"minecraft:cherry_log":15,"minecraft:rabbit_foot":2,"minecraft:dark_oak_planks":7,"minecraft:arrow":1,"minecraft:mutton":2,"minecraft:white_wool":1,"minecraft:cobblestone":39,"minecraft:feather":22,"pizzacraft:pepper_seeds":6,"minecraft:leather":3,"minecraft:oak_log":70,"scalinghealth:heart_crystal":2,"minecraft:dirt":11,"pizzacraft:cucumber_seeds":1,"minecraft:bone":21,"minecraft:apple":3,"minecraft:wheat_seeds":6,"minecraft:spruce_wood":41,"minecraft:rabbit_hide":2,"minecraft:iron_ingot":6,"scalinghealth:power_crystal_shard":5,"tombstone:bag_of_seeds":1,"minecraft:rabbit":1,"minecraft:pumpkin":8,"minecraft:jungle_planks":3,"minecraft:spruce_sapling":1,"minecraft:spruce_log":32,"minecraft:jungle_slab":1,"minecraft:dark_prismarine":1,"minecraft:oak_wood":5,"minecraft:cherry_sapling":6,"minecraft:emerald":1,"alexsmobs:maggot":2,"minecraft:oak_sapling":20,"minecraft:dark_oak_wood":2,"minecraft:coal":37},"minecraft:broken":{"minecraft:iron_axe":1,"minecraft:wooden_axe":1},"minecraft:used":{"minecraft:spruce_slab":1,"minecraft:spruce_planks":3,"minecraft:cooked_chicken":1,"minecraft:iron_chestplate":1,"minecraft:torch":3,"minecraft:dirt":11,"minecraft:wooden_axe":30,"minecraft:dark_oak_planks":1,"alexsmobs:maggot":2,"minecraft:iron_axe":290,"minecraft:smooth_quartz":63,"minecraft:furnace":2,"minecraft:cooked_beef":4,"minecraft:cooked_mutton":1,"alexsmobs:cooked_catfish":3,"minecraft:amethyst_block":6,"minecraft:stone_pickaxe":121,"minecraft:oak_planks":10,"minecraft:wooden_pickaxe":13,"minecraft:crafting_table":5,"minecraft:white_bed":1,"tombstone:bag_of_seeds":2,"minecraft:apple":3,"minecraft:iron_pickaxe":55,"minecraft:diamond_sword":63,"minecraft:cooked_porkchop":2,"minecraft:oak_boat":1},"minecraft:custom":{"minecraft:mob_kills":33,"minecraft:interact_with_crafting_table":12,"minecraft:damage_dealt_resisted":1492,"minecraft:leave_game":2,"minecraft:time_since_death":75227,"minecraft:climb_one_cm":961,"minecraft:sprint_one_cm":29227,"minecraft:walk_one_cm":286882,"minecraft:drop":35,"minecraft:play_time":75227,"minecraft:sneak_time":2469,"minecraft:walk_under_water_one_cm":16835,"minecraft:boat_one_cm":11295,"minecraft:jump":867,"minecraft:walk_on_water_one_cm":7214,"minecraft:total_world_time":75227,"minecraft:interact_with_furnace":11,"tombstone:raider_killed":2,"minecraft:sleep_in_bed":1,"minecraft:time_since_rest":49662,"minecraft:damage_taken":1590,"minecraft:damage_dealt":8854,"minecraft:swim_one_cm":3233,"minecraft:player_kills":1,"minecraft:fly_one_cm":68554,"minecraft:open_chest":2,"minecraft:crouch_one_cm":6382,"tombstone:undead_killed":12,"minecraft:fall_one_cm":14631},"minecraft:mined":{"minecraft:dark_oak_planks":8,"minecraft:dark_prismarine":6,"minecraft:spruce_planks":22,"minecraft:jungle_slab":1,"minecraft:cherry_log":15,"minecraft:grass_block":11,"minecraft:spruce_fence":3,"minecraft:jungle_planks":3,"minecraft:spawner":3,"minecraft:furnace":1,"minecraft:pumpkin":8,"minecraft:vine":5,"minecraft:spruce_wood":39,"minecraft:stone":39,"minecraft:spruce_slab":2,"minecraft:crafting_table":2,"minecraft:dark_oak_wood":3,"minecraft:oak_wood":5,"minecraft:tall_grass":5,"minecraft:oak_planks":1,"minecraft:spruce_log":36,"biomesoplenty:maple_leaves":1,"minecraft:grass":17,"minecraft:coal_ore":29,"minecraft:oak_log":74,"minecraft:smooth_quartz":108,"minecraft:oak_leaves":1},"minecraft:killed":{"earthmobsmod:duck":3,"minecraft:cave_spider":3,"earthmobsmod:jumbo_rabbit":1,"minecraft:vindicator":2,"minecraft:skeleton":1,"minecraft:chicken":5,"minecraft:pig":2,"minecraft:sheep":1,"alexsmobs:terrapin":1,"minecraft:wither_skeleton":11,"minecraft:cow":3},"minecraft:crafted":{"minecraft:oak_planks":68,"minecraft:cooked_chicken":8,"minecraft:furnace":1,"minecraft:cooked_mutton":2,"minecraft:iron_axe":2,"minecraft:stone_pickaxe":1,"alexsmobs:cooked_catfish":3,"minecraft:cooked_beef":5,"minecraft:cooked_porkchop":2,"minecraft:crafting_table":3,"minecraft:iron_sword":1,"minecraft:air":0,"minecraft:oak_boat":1,"minecraft:stick":12,"minecraft:iron_pickaxe":1,"minecraft:wooden_axe":1,"minecraft:white_bed":1,"minecraft:torch":84},"minecraft:dropped":{"minecraft:iron_sword":1,"minecraft:wheat_seeds":6,"minecraft:cooked_beef":1,"minecraft:feather":22,"minecraft:amethyst_block":2,"pizzacraft:cucumber_seeds":1,"minecraft:coal":1,"minecraft:stick":3,"bakery:strawberry_seeds":2,"scalinghealth:heart_crystal":1,"minecraft:white_wool":1,"minecraft:bone":5,"minecraft:moss_carpet":1,"minecraft:cooked_mutton":1,"minecraft:rabbit_foot":2,"pizzacraft:pepper_seeds":6,"minecraft:gunpowder":32,"minecraft:spruce_planks":4,"minecraft:iron_chestplate":1,"pizzacraft:pineapple_seeds":1,"minecraft:arrow":1,"minecraft:stone_pickaxe":1,"minecraft:dark_prismarine":1,"pizzacraft:tomato_seeds":3}},"DataVersion":3465}