{"stats":{"minecraft:picked_up":{"minecraft:iron_chestplate":1,"minecraft:crafting_table":2,"minecraft:oak_log":8,"pizzacraft:broccoli_seeds":2,"minecraft:dirt":4,"minecraft:raw_copper":24,"pizzacraft:cucumber_seeds":1,"minecraft:wheat_seeds":5,"minecraft:oak_planks":1,"minecraft:dark_oak_stairs":1,"pizzacraft:corn":1,"minecraft:stick":4,"pizzacraft:pineapple_seeds":1,"minecraft:pumpkin":1,"minecraft:spruce_stairs":2,"minecraft:white_bed":1,"minecraft:jungle_slab":5,"minecraft:dark_oak_planks":1,"minecraft:oak_wood":3,"minecraft:rotten_flesh":1,"minecraft:oak_sapling":2,"minecraft:glow_berries":12,"minecraft:mutton":3,"minecraft:coal":6,"minecraft:white_wool":4,"minecraft:cobblestone":9},"minecraft:killed_by":{"minecraft:player":1},"minecraft:used":{"minecraft:dark_oak_stairs":1,"minecraft:stone_pickaxe":17,"minecraft:oak_planks":2,"minecraft:wooden_pickaxe":3,"minecraft:white_wool":1,"minecraft:torch":4,"minecraft:glow_berries":1,"minecraft:dirt":4,"minecraft:mutton":1,"minecraft:crafting_table":3,"pizzacraft:corn":1,"minecraft:spruce_stairs":2,"minecraft:jungle_slab":5,"minecraft:oak_log":1,"minecraft:wooden_axe":2,"minecraft:oak_sapling":1,"tombstone:gift":2},"minecraft:custom":{"minecraft:mob_kills":5,"tombstone:raider_killed":2,"minecraft:interact_with_crafting_table":12,"minecraft:open_barrel":1,"minecraft:leave_game":2,"minecraft:time_since_death":5584,"minecraft:climb_one_cm":1300,"minecraft:time_since_rest":5286,"minecraft:sprint_one_cm":23143,"minecraft:damage_taken":711,"minecraft:walk_one_cm":142299,"minecraft:drop":15,"minecraft:damage_dealt":895,"minecraft:swim_one_cm":1722,"minecraft:fly_one_cm":34408,"minecraft:open_chest":2,"minecraft:crouch_one_cm":3694,"tombstone:undead_killed":1,"minecraft:play_time":33498,"minecraft:deaths":2,"minecraft:sneak_time":1297,"minecraft:walk_under_water_one_cm":19090,"minecraft:jump":538,"minecraft:walk_on_water_one_cm":11623,"minecraft:total_world_time":33498,"minecraft:fall_one_cm":8824,"minecraft:inspect_dispenser":1},"minecraft:mined":{"minecraft:dark_oak_planks":1,"minecraft:white_bed":1,"minecraft:jungle_slab":3,"minecraft:crafting_table":2,"minecraft:cave_vines_plant":1,"biomesoplenty:bush":4,"minecraft:grass_block":4,"minecraft:oak_wood":3,"minecraft:copper_ore":6,"minecraft:tall_grass":16,"minecraft:spruce_leaves":2,"minecraft:spruce_stairs":2,"minecraft:fire":1,"minecraft:pumpkin":1,"minecraft:dark_oak_stairs":1,"minecraft:grass":39,"minecraft:coal_ore":5,"minecraft:oak_log":4,"minecraft:dirt":3,"minecraft:stone":9,"minecraft:white_wool":1,"minecraft:oak_leaves":14},"minecraft:killed":{"minecraft:sheep":2,"minecraft:pillager":2,"minecraft:zombie":1},"minecraft:crafted":{"minecraft:oak_planks":40,"minecraft:crafting_table":2,"minecraft:wooden_pickaxe":3,"minecraft:stick":12,"minecraft:stone_pickaxe":1,"minecraft:wooden_axe":2,"minecraft:torch":4},"minecraft:dropped":{"minecraft:wheat_seeds":5,"alexsmobs:animal_dictionary":1,"minecraft:rotten_flesh":1,"pizzacraft:cucumber_seeds":1,"minecraft:stick":1,"tombstone:grave_key":1,"minecraft:oak_sapling":1,"tombstone:grave_dust":1,"pizzacraft:pineapple_seeds":1,"minecraft:pumpkin":1,"pfm:furniture_book":1,"pizzacraft:broccoli_seeds":2,"minecraft:wooden_pickaxe":1}},"DataVersion":3465}