{"stats":{"minecraft:crafted":{"minecraft:oak_planks":84,"minecraft:cooked_mutton":4,"minecraft:cooked_rabbit":1,"minecraft:crafting_table":2,"minecraft:spruce_planks":4,"minecraft:wooden_pickaxe":3,"minecraft:copper_ingot":4,"minecraft:stick":12,"minecraft:gold_ingot":2,"minecraft:wooden_sword":1,"minecraft:stone_pickaxe":1,"minecraft:cooked_beef":4,"minecraft:air":0,"minecraft:wooden_axe":3,"minecraft:torch":24},"minecraft:killed_by":{"minecraft:player":1},"minecraft:picked_up":{"minecraft:iron_chestplate":1,"minecraft:potion":1,"minecraft:amethyst_block":8,"biomesoplenty:hellbark_planks":25,"minecraft:string":3,"minecraft:raw_copper":39,"minecraft:spruce_planks":11,"mcwpaths:deepslate_windmill_weave_slab":4,"minecraft:smooth_quartz":16,"biomesoplenty:redwood_wood":23,"minecraft:furnace":2,"minecraft:stick":36,"pizzacraft:pineapple_seeds":3,"minecraft:torch":5,"minecraft:spruce_stairs":3,"fairylights:candle_lantern":3,"pizzacraft:tomato_seeds":4,"minecraft:cherry_log":38,"tombstone:grave_dust":3,"simplyswords:gold_spear":1,"minecraft:rotten_flesh":1,"minecraft:carved_pumpkin":1,"minecraft:deepslate_brick_stairs":1,"minecraft:iron_bars":4,"alexsmobs:flying_fish":33,"minecraft:cobblestone":375,"minecraft:feather":1,"minecraft:cooked_beef":1,"pizzacraft:pepper_seeds":2,"minecraft:andesite":1,"minecraft:smoker":1,"minecraft:flint":10,"minecraft:dirt":568,"minecraft:bone":4,"pizzacraft:cucumber_seeds":1,"minecraft:wheat_seeds":30,"minecraft:deepslate_brick_slab":1,"minecraft:oak_planks":13,"minecraft:sand":44,"minecraft:jungle_slab":5,"minecraft:dark_prismarine":6,"waystones:waystone":1,"minecraft:bone_meal":1,"minecraft:oak_sapling":3,"minecraft:crafting_table":4,"minecraft:azure_bluet":12,"minecraft:moss_carpet":1,"minecraft:iron_axe":1,"minecraft:cyan_carpet":12,"minecraft:beef":7,"minecraft:jungle_sapling":2,"minecraft:spruce_slab":2,"pizzacraft:corn":2,"minecraft:sandstone":3,"artifacts:charm_of_sinking":1,"minecraft:copper_ingot":5,"minecraft:spruce_fence":4,"sophisticatedbackpacks:backpack":1,"minecraft:dark_oak_planks":2,"minecraft:arrow":13,"minecraft:deepslate_bricks":2,"minecraft:mutton":12,"minecraft:glow_berries":12,"minecraft:white_wool":8,"minecraft:salmon":4,"minecraft:leather":2,"minecraft:filled_map":3,"minecraft:oak_log":34,"minecraft:gunpowder":1,"pizzacraft:broccoli_seeds":2,"minecraft:white_banner":1,"minecraft:cooked_mutton":1,"minecraft:apple":1,"minecraft:spruce_wood":1,"biomesoplenty:hellbark_fence":1,"minecraft:glass_bottle":2,"minecraft:iron_sword":1,"minecraft:dark_oak_stairs":1,"minecraft:oak_slab":1,"scalinghealth:heart_crystal_shard":10,"minecraft:pumpkin":7,"minecraft:sweet_berries":56,"recrafted_creatures:megaphone":1,"minecraft:gravel":26,"minecraft:amethyst_shard":14,"minecraft:white_bed":3,"minecraft:spider_eye":5,"minecraft:oak_wood":3,"alexsmobs:raw_catfish":3,"biomesoplenty:maple_sapling":17,"minecraft:cherry_sapling":40,"minecraft:gray_wool":2,"minecraft:dark_oak_wood":5,"minecraft:coal":21},"minecraft:killed":{"minecraft:cave_spider":5,"minecraft:witch":1,"minecraft:spider":1,"minecraft:skeleton":6,"alexsmobs:seal":1,"minecraft:creeper":3,"minecraft:sheep":8,"minecraft:pillager":2,"minecraft:zombie":1,"minecraft:cow":3,"alexsmobs:flying_fish":2,"earthmobsmod:dairy_cow":1,"minecraft:frog":1,"alexsmobs:catfish":1,"minecraft:wither_skeleton":2},"minecraft:dropped":{"minecraft:glass_bottle":3,"minecraft:glow_berries":5,"minecraft:dirt":3,"minecraft:mutton":1,"alexsmobs:flying_fish":3,"biomesoplenty:hellbark_fence":2,"alexsmobs:animal_dictionary":1,"minecraft:deepslate_brick_slab":1,"minecraft:rotten_flesh":1,"pizzacraft:pepper_seeds":2,"minecraft:spruce_slab":2,"minecraft:iron_bars":2,"minecraft:arrow":9,"pizzacraft:broccoli_seeds":2,"caupona:asses":5,"biomesoplenty:hellbark_trapdoor":1,"recrafted_creatures:megaphone":1,"minecraft:bread":9,"minecraft:wheat_seeds":9,"scalinghealth:heart_crystal_shard":5,"minecraft:amethyst_block":8,"pizzacraft:cucumber_seeds":1,"minecraft:grass_block":3,"minecraft:stick":1,"minecraft:deepslate_brick_stairs":1,"tombstone:magic_scroll":1,"minecraft:torch":2,"tombstone:grave_key":1,"tombstone:grave_dust":1,"minecraft:potion":1,"simplyswords:frostfall":1,"minecraft:pumpkin":2,"minecraft:heart_of_the_sea":1,"minecraft:string":1,"minecraft:moss_carpet":1,"minecraft:spruce_fence":1,"minecraft:filled_map":1,"mcwpaths:deepslate_windmill_weave_slab":1,"minecraft:oak_sapling":1,"minecraft:stone_bricks":1,"minecraft:spider_eye":4,"pizzacraft:pineapple_seeds":1,"pfm:furniture_book":1,"simplyswords:gold_spear":2,"minecraft:wooden_pickaxe":1,"pizzacraft:tomato_seeds":4},"minecraft:custom":{"minecraft:interact_with_crafting_table":18,"minecraft:open_barrel":6,"minecraft:leave_game":13,"minecraft:time_since_death":520488,"minecraft:damage_resisted":10,"minecraft:sprint_one_cm":351540,"minecraft:drop":80,"minecraft:talked_to_villager":1,"minecraft:play_time":635887,"minecraft:deaths":3,"minecraft:jump":3018,"minecraft:walk_on_water_one_cm":121824,"minecraft:interact_with_furnace":14,"minecraft:sleep_in_bed":3,"minecraft:waystone_activated":3,"minecraft:damage_dealt":9402,"minecraft:crouch_one_cm":19711,"tombstone:undead_killed":9,"minecraft:inspect_dispenser":1,"minecraft:mob_kills":40,"minecraft:damage_dealt_resisted":1204,"minecraft:climb_one_cm":4512,"minecraft:walk_one_cm":1742007,"minecraft:sneak_time":12030,"minecraft:walk_under_water_one_cm":185773,"minecraft:total_world_time":635887,"tombstone:raider_killed":3,"minecraft:time_since_rest":504666,"minecraft:damage_taken":4980,"minecraft:swim_one_cm":132792,"minecraft:fly_one_cm":1597698,"minecraft:open_chest":37,"minecraft:fall_one_cm":44466},"minecraft:used":{"minecraft:cherry_sapling":20,"minecraft:spruce_slab":171,"minecraft:white_concrete_powder":2,"mcwpaths:blackstone_square_paving":7,"minecraft:stone":5,"minecraft:iron_sword":248,"biomesoplenty:hellbark_trapdoor":44,"alexsmobs:spawn_egg_orca":3,"minecraft:mutton":7,"pizzacraft:corn":2,"minecraft:jungle_planks":1,"minecraft:jungle_slab":5,"minecraft:deepslate_brick_slab":303,"minecraft:azure_bluet":3,"fairylights:flower_light":2,"minecraft:obsidian":3,"minecraft:glass":270,"minecraft:bricks":8,"minecraft:spruce_wood":7,"tombstone:tablet_of_cupidity":2,"minecraft:grass_block":975,"minecraft:quartz_block":14,"minecraft:dark_oak_wood":8,"minecraft:dark_oak_slab":67,"fairylights:icicle_lights":1,"minecraft:stone_bricks":665,"minecraft:sweet_berries":89,"minecraft:furnace":2,"minecraft:oak_sapling":1,"fairylights:candle_lantern":12,"minecraft:potato":28,"fairylights:incandescent_light":17,"minecraft:deepslate_brick_wall":7,"minecraft:dark_oak_stairs":1,"minecraft:diorite":7,"minecraft:spruce_door":1,"simplyswords:gold_spear":31,"minecraft:stone_pickaxe":98,"minecraft:oak_planks":58,"minecraft:wooden_pickaxe":51,"minecraft:sandstone":3,"minecraft:white_wool":1,"minecraft:glow_berries":10,"minecraft:sand":24,"minecraft:sponge":9,"minecraft:chiseled_quartz_block":2,"minecraft:deepslate_brick_stairs":32,"minecraft:mangrove_door":10,"minecraft:bread":12,"caupona:walnut_leaves":1,"fairylights:tinsel":3,"mcwholidays:cat_wall_deco_1":3,"minecraft:flowering_azalea_leaves":24,"pfm:dark_oak_herringbone_planks":15,"simplyswords:frostfall":9,"minecraft:diamond_sword":78,"minecraft:wooden_sword":82,"minecraft:dark_oak_fence":39,"minecraft:crimson_door":5,"minecraft:cooked_rabbit":1,"minecraft:white_concrete":537,"minecraft:experience_bottle":1,"fairylights:orb_lantern":37,"minecraft:jungle_leaves":1,"minecraft:polished_blackstone_brick_slab":3,"minecraft:flint_and_steel":50,"minecraft:tropical_fish":1,"pfm:birch_herringbone_planks":2,"minecraft:spruce_planks":92,"pfm:oak_herringbone_planks":5,"fairylights:oil_lantern":4,"minecraft:torch":18,"minecraft:dirt":17,"minecraft:spruce_stairs":3,"minecraft:nether_brick_slab":34,"minecraft:golden_shovel":40,"minecraft:spruce_fence":1,"minecraft:polished_diorite":232,"biomesoplenty:maple_sapling":17,"minecraft:stone_brick_slab":122,"minecraft:wooden_axe":81,"minecraft:dark_oak_planks":420,"minecraft:iron_axe":5,"minecraft:smooth_quartz":18,"caupona:fig_leaves":2,"minecraft:mud_bricks":2,"minecraft:glowstone":53,"minecraft:beef":3,"fairylights:pennant_bunting":13,"tombstone:gift":4,"minecraft:cooked_beef":5,"fairylights:fairy_light":33,"minecraft:pumpkin":5,"minecraft:golden_axe":26,"minecraft:quartz_bricks":14,"minecraft:cooked_mutton":4,"minecraft:water_bucket":350,"biomesoplenty:stripped_hellbark_wood":151,"minecraft:deepslate_bricks":2,"fairylights:paper_lantern":7,"minecraft:salmon":4,"minecraft:polished_deepslate_slab":1,"minecraft:stripped_dark_oak_log":7,"fairylights:candle_lantern_light":2,"minecraft:tnt":60,"minecraft:crafting_table":5,"pfm:cherry_herringbone_planks":2,"biomesoplenty:hellbark_slab":409,"minecraft:white_bed":3,"biomesoplenty:hellbark_planks":2769,"minecraft:dark_oak_door":8,"minecraft:deepslate_tile_wall":52,"minecraft:oak_log":16,"minecraft:dark_prismarine":6,"minecraft:apple":4,"minecraft:cherry_door":2,"pfm:hellbark_biomesoplenty_kitchen_wall_counter":18,"mcwpaths:deepslate_windmill_weave_slab":552,"biomesoplenty:hellbark_fence":20,"mcwpaths:deepslate_running_bond_slab":2,"minecraft:cobblestone":15,"minecraft:potion":2,"minecraft:white_banner":1,"minecraft:glass_pane":6,"mcwpaths:cobbled_deepslate_running_bond_slab":2,"minecraft:gray_wool":1},"minecraft:broken":{"minecraft:golden_shovel":1,"minecraft:stone_pickaxe":1,"minecraft:wooden_sword":1,"minecraft:iron_sword":1,"minecraft:wooden_axe":1,"minecraft:wooden_pickaxe":1,"minecraft:golden_axe":1},"minecraft:mined":{"minecraft:dark_oak_planks":2,"minecraft:white_bed":3,"minecraft:jungle_slab":3,"minecraft:cherry_log":10,"minecraft:carved_pumpkin":1,"minecraft:cave_vines_plant":1,"minecraft:grass_block":9,"minecraft:deepslate_bricks":2,"minecraft:tall_seagrass":1,"minecraft:fire":3,"minecraft:pumpkin":7,"minecraft:azure_bluet":2,"minecraft:dark_oak_stairs":1,"minecraft:cave_vines":2,"minecraft:iron_bars":2,"minecraft:deepslate_brick_stairs":1,"minecraft:spruce_wood":3,"minecraft:spruce_slab":2,"minecraft:smoker":1,"minecraft:amethyst_cluster":3,"minecraft:torch":1,"minecraft:dark_oak_wood":4,"minecraft:oak_planks":3,"minecraft:amethyst_block":8,"minecraft:seagrass":2,"biomesoplenty:maple_sapling":1,"minecraft:grass":159,"biomesoplenty:clover":14,"minecraft:oak_log":30,"minecraft:sand":49,"minecraft:dirt":8,"minecraft:smooth_quartz":16,"minecraft:red_mushroom_block":1,"minecraft:oak_leaves":15,"minecraft:dark_prismarine":2,"minecraft:cherry_sapling":3,"biomesoplenty:bush":4,"minecraft:spruce_fence":5,"minecraft:spruce_leaves":2,"minecraft:sandstone":3,"minecraft:large_fern":3,"minecraft:furnace":2,"minecraft:andesite":3,"minecraft:stone":25,"minecraft:white_wool":1,"minecraft:podzol":19,"minecraft:oak_slab":1,"minecraft:crafting_table":4,"minecraft:oak_wood":3,"minecraft:tall_grass":54,"minecraft:copper_ore":6,"biomesoplenty:sprout":4,"biomesoplenty:huge_clover_petal":51,"minecraft:spruce_stairs":2,"minecraft:sweet_berry_bush":8,"minecraft:ice":1,"minecraft:coal_ore":9,"minecraft:bubble_coral_wall_fan":1,"minecraft:cyan_carpet":15,"biomesoplenty:redwood_wood":23,"minecraft:fern":3}},"DataVersion":3465}