{"stats":{"minecraft:used":{"minecraft:chicken":1,"biomesoplenty:tall_lavender":1,"minecraft:wooden_pickaxe":17,"minecraft:stone_axe":70,"minecraft:beef":1,"minecraft:porkchop":1,"minecraft:cooked_porkchop":2},"minecraft:mined":{"minecraft:pink_petals":11,"biomesoplenty:jacaranda_log":7,"biomesoplenty:tall_lavender":1,"minecraft:cherry_log":19,"minecraft:coal_ore":4,"biomesoplenty:bush":2,"minecraft:grass":13,"minecraft:allium":1,"minecraft:oak_log":4,"minecraft:tall_grass":6},"minecraft:custom":{"minecraft:time_since_rest":21513,"minecraft:sprint_one_cm":73281,"minecraft:damage_taken":546,"minecraft:walk_one_cm":77410,"minecraft:mob_kills":6,"minecraft:drop":6,"minecraft:damage_dealt":821,"minecraft:interact_with_crafting_table":3,"minecraft:fly_one_cm":54980,"minecraft:crouch_one_cm":1313,"minecraft:play_time":21513,"tombstone:undead_killed":2,"minecraft:sneak_time":244,"minecraft:jump":419,"minecraft:leave_game":1,"minecraft:time_since_death":21513,"minecraft:total_world_time":21513,"minecraft:fall_one_cm":8073},"minecraft:picked_up":{"minecraft:pink_petals":38,"minecraft:stick":5,"minecraft:chicken":1,"minecraft:allium":1,"minecraft:cooked_porkchop":2,"minecraft:leather":1,"minecraft:wooden_pickaxe":1,"minecraft:porkchop":1,"minecraft:oak_log":4,"minecraft:cherry_log":14,"tombstone:grave_dust":2,"biomesoplenty:tall_lavender":1,"minecraft:bone":1,"minecraft:arrow":1,"minecraft:rotten_flesh":1,"biomesoplenty:jacaranda_log":7,"minecraft:stone_axe":1,"minecraft:wheat_seeds":1,"earthmobsmod:fancy_feather":2,"minecraft:beef":1,"minecraft:cherry_sapling":9,"minecraft:coal":4},"minecraft:crafted":{"minecraft:oak_planks":8,"minecraft:wooden_pickaxe":1,"minecraft:wooden_axe":1},"minecraft:dropped":{"minecraft:stone_axe":1,"alexsmobs:animal_dictionary":1,"minecraft:leather":1,"minecraft:rotten_flesh":1,"tombstone:grave_dust":2,"pfm:furniture_book":1},"minecraft:killed":{"minecraft:skeleton":1,"minecraft:pig":1,"earthmobsmod:fancy_chicken":1,"earthmobsmod:zombified_rabbit":1,"minecraft:spider":1,"minecraft:cow":1}},"DataVersion":3465}