{"stats":{"minecraft:mined":{"minecraft:pink_petals":10,"minecraft:grass":2,"biomesoplenty:jacaranda_log":7,"minecraft:oak_log":4,"biomesoplenty:tall_lavender":1,"minecraft:tall_grass":1,"minecraft:cherry_log":19},"minecraft:used":{"minecraft:stone_axe":20,"biomesoplenty:tall_lavender":1},"minecraft:custom":{"minecraft:time_since_rest":9513,"minecraft:crouch_one_cm":460,"minecraft:sprint_one_cm":26286,"minecraft:play_time":9513,"minecraft:damage_taken":60,"minecraft:walk_one_cm":21538,"minecraft:sneak_time":93,"minecraft:drop":2,"minecraft:jump":93,"minecraft:leave_game":1,"minecraft:time_since_death":9513,"minecraft:total_world_time":9513,"minecraft:interact_with_crafting_table":3,"minecraft:fall_one_cm":1919,"minecraft:fly_one_cm":16393},"minecraft:picked_up":{"minecraft:pink_petals":35,"minecraft:stick":3,"biomesoplenty:tall_lavender":1,"biomesoplenty:jacaranda_log":7,"minecraft:stone_axe":1,"minecraft:cherry_sapling":7,"minecraft:oak_log":4,"minecraft:cherry_log":12},"minecraft:crafted":{"minecraft:oak_planks":8,"minecraft:wooden_pickaxe":1,"minecraft:wooden_axe":1},"minecraft:dropped":{"pfm:furniture_book":1,"alexsmobs:animal_dictionary":1}},"DataVersion":3465}