{"stats":{"minecraft:picked_up":{"minecraft:iron_chestplate":1,"pizzacraft:pineapple_seeds":1,"minecraft:jungle_slab":5,"minecraft:oak_planks":1,"minecraft:dirt":3},"minecraft:used":{"minecraft:dirt":3},"minecraft:custom":{"minecraft:open_chest":2,"minecraft:time_since_rest":5753,"minecraft:crouch_one_cm":3120,"minecraft:sprint_one_cm":6010,"minecraft:play_time":5753,"minecraft:damage_taken":21,"minecraft:walk_one_cm":15401,"minecraft:sneak_time":1047,"minecraft:walk_under_water_one_cm":297,"minecraft:drop":3,"minecraft:jump":107,"minecraft:leave_game":1,"minecraft:time_since_death":5753,"minecraft:walk_on_water_one_cm":718,"minecraft:total_world_time":5753,"minecraft:swim_one_cm":1722,"minecraft:fall_one_cm":2415,"minecraft:fly_one_cm":17128},"minecraft:mined":{"minecraft:grass":6,"minecraft:grass_block":2,"minecraft:dirt":1,"minecraft:jungle_slab":3,"minecraft:tall_grass":1},"minecraft:dropped":{"pizzacraft:pineapple_seeds":1,"pfm:furniture_book":1,"alexsmobs:animal_dictionary":1}},"DataVersion":3465}