{"stats":{"minecraft:picked_up":{"minecraft:iron_chestplate":1,"pizzacraft:pineapple_seeds":1,"minecraft:pumpkin":1,"minecraft:spruce_stairs":2,"minecraft:jungle_slab":5,"pizzacraft:broccoli_seeds":2,"minecraft:dirt":3,"minecraft:dark_oak_planks":1,"pizzacraft:cucumber_seeds":1,"minecraft:wheat_seeds":1,"minecraft:oak_planks":1,"minecraft:dark_oak_stairs":1},"minecraft:used":{"minecraft:dark_oak_stairs":1,"minecraft:oak_planks":1,"minecraft:dirt":3,"minecraft:spruce_stairs":2,"minecraft:jungle_slab":5},"minecraft:custom":{"minecraft:time_since_rest":17753,"minecraft:sprint_one_cm":6345,"minecraft:damage_taken":329,"minecraft:walk_one_cm":74712,"minecraft:mob_kills":2,"minecraft:drop":7,"tombstone:raider_killed":2,"minecraft:damage_dealt":522,"minecraft:swim_one_cm":1722,"minecraft:fly_one_cm":18654,"minecraft:open_barrel":1,"minecraft:open_chest":2,"minecraft:crouch_one_cm":3593,"minecraft:play_time":17753,"minecraft:sneak_time":1280,"minecraft:walk_under_water_one_cm":19090,"minecraft:jump":317,"minecraft:leave_game":1,"minecraft:walk_on_water_one_cm":11623,"minecraft:time_since_death":17753,"minecraft:total_world_time":17753,"minecraft:fall_one_cm":2893,"minecraft:inspect_dispenser":1},"minecraft:mined":{"minecraft:dark_oak_planks":1,"minecraft:spruce_stairs":2,"minecraft:fire":1,"minecraft:jungle_slab":3,"minecraft:pumpkin":1,"minecraft:dark_oak_stairs":1,"minecraft:grass":22,"minecraft:grass_block":2,"minecraft:dirt":1,"minecraft:tall_grass":11,"minecraft:spruce_leaves":2,"minecraft:oak_leaves":3},"minecraft:killed":{"minecraft:pillager":2},"minecraft:dropped":{"minecraft:wheat_seeds":1,"alexsmobs:animal_dictionary":1,"minecraft:pumpkin":1,"pizzacraft:pineapple_seeds":1,"pfm:furniture_book":1,"pizzacraft:broccoli_seeds":2,"pizzacraft:cucumber_seeds":1}},"DataVersion":3465}