{"stats":{"minecraft:picked_up":{"minecraft:crafting_table":2,"minecraft:iron_chestplate":1,"minecraft:cooked_beef":1,"minecraft:oak_log":34,"minecraft:amethyst_block":8,"pizzacraft:broccoli_seeds":2,"minecraft:string":1,"minecraft:dirt":17,"minecraft:moss_carpet":1,"minecraft:raw_copper":24,"minecraft:cooked_mutton":1,"minecraft:bone":2,"pizzacraft:cucumber_seeds":1,"minecraft:cyan_carpet":4,"minecraft:apple":1,"minecraft:wheat_seeds":6,"minecraft:spruce_planks":11,"minecraft:spruce_wood":1,"minecraft:glass_bottle":1,"minecraft:smooth_quartz":7,"minecraft:spruce_slab":1,"biomesoplenty:redwood_wood":23,"minecraft:iron_sword":1,"minecraft:oak_planks":2,"minecraft:dark_oak_stairs":1,"pizzacraft:corn":1,"minecraft:oak_slab":1,"minecraft:stick":15,"pizzacraft:pineapple_seeds":2,"minecraft:pumpkin":6,"minecraft:sweet_berries":56,"minecraft:torch":2,"minecraft:spruce_stairs":2,"minecraft:amethyst_shard":14,"minecraft:white_bed":3,"minecraft:spider_eye":1,"minecraft:arrow":8,"minecraft:jungle_slab":5,"minecraft:dark_prismarine":6,"minecraft:dark_oak_planks":1,"alexsmobs:raw_catfish":3,"minecraft:oak_wood":3,"biomesoplenty:maple_sapling":17,"minecraft:rotten_flesh":1,"minecraft:dark_oak_wood":4,"minecraft:glow_berries":12,"minecraft:oak_sapling":2,"minecraft:mutton":3,"minecraft:coal":6,"minecraft:white_wool":4,"minecraft:cobblestone":9},"minecraft:broken":{"minecraft:wooden_axe":1},"minecraft:killed_by":{"minecraft:player":1},"minecraft:used":{"minecraft:cooked_mutton":1,"minecraft:dark_oak_stairs":1,"minecraft:stone_pickaxe":47,"minecraft:oak_planks":25,"minecraft:wooden_pickaxe":19,"minecraft:iron_sword":11,"minecraft:white_wool":1,"minecraft:torch":9,"minecraft:glow_berries":10,"minecraft:dirt":17,"minecraft:mutton":2,"minecraft:crafting_table":3,"pizzacraft:corn":1,"minecraft:spruce_stairs":2,"minecraft:jungle_slab":5,"minecraft:white_bed":2,"biomesoplenty:maple_sapling":17,"minecraft:oak_log":16,"minecraft:dark_prismarine":6,"minecraft:wooden_axe":65,"minecraft:smooth_quartz":5,"minecraft:cobblestone":6,"minecraft:potion":1,"minecraft:sweet_berries":81,"minecraft:oak_sapling":1,"tombstone:gift":2,"minecraft:pumpkin":5},"minecraft:custom":{"minecraft:mob_kills":12,"tombstone:raider_killed":2,"minecraft:interact_with_crafting_table":13,"minecraft:open_barrel":1,"minecraft:leave_game":3,"minecraft:time_since_death":45739,"minecraft:sleep_in_bed":2,"minecraft:climb_one_cm":2132,"minecraft:time_since_rest":25306,"minecraft:sprint_one_cm":128800,"minecraft:damage_taken":1954,"minecraft:walk_one_cm":269337,"minecraft:drop":27,"minecraft:damage_dealt":1469,"minecraft:swim_one_cm":37111,"minecraft:fly_one_cm":102912,"minecraft:open_chest":3,"minecraft:play_time":73653,"minecraft:crouch_one_cm":4686,"tombstone:undead_killed":2,"minecraft:deaths":2,"minecraft:sneak_time":2098,"minecraft:walk_under_water_one_cm":19892,"minecraft:jump":989,"minecraft:walk_on_water_one_cm":19919,"minecraft:total_world_time":73653,"minecraft:inspect_dispenser":1,"minecraft:fall_one_cm":16825},"minecraft:mined":{"minecraft:dark_oak_planks":1,"minecraft:podzol":19,"minecraft:dark_prismarine":2,"minecraft:oak_slab":1,"minecraft:white_bed":3,"minecraft:jungle_slab":3,"minecraft:amethyst_cluster":3,"minecraft:crafting_table":2,"minecraft:cave_vines_plant":1,"minecraft:dark_oak_wood":3,"biomesoplenty:bush":4,"minecraft:oak_wood":3,"minecraft:grass_block":4,"minecraft:tall_grass":16,"minecraft:copper_ore":6,"minecraft:spruce_leaves":2,"minecraft:oak_planks":1,"biomesoplenty:huge_clover_petal":4,"minecraft:amethyst_block":8,"minecraft:spruce_stairs":2,"minecraft:fire":1,"minecraft:sweet_berry_bush":8,"biomesoplenty:maple_sapling":1,"minecraft:pumpkin":6,"minecraft:cyan_carpet":10,"minecraft:dark_oak_stairs":1,"minecraft:grass":44,"minecraft:oak_log":30,"minecraft:coal_ore":5,"minecraft:smooth_quartz":7,"minecraft:bubble_coral_wall_fan":1,"minecraft:dirt":5,"minecraft:spruce_wood":3,"minecraft:stone":9,"minecraft:spruce_slab":1,"minecraft:white_wool":1,"biomesoplenty:redwood_wood":23,"minecraft:oak_leaves":15,"minecraft:fern":3},"minecraft:killed":{"minecraft:cave_spider":4,"minecraft:sheep":2,"minecraft:skeleton":1,"alexsmobs:catfish":1,"minecraft:pillager":2,"minecraft:zombie":1},"minecraft:crafted":{"minecraft:oak_planks":84,"minecraft:crafting_table":2,"minecraft:wooden_pickaxe":3,"minecraft:stick":12,"minecraft:stone_pickaxe":1,"minecraft:wooden_axe":2,"minecraft:torch":24},"minecraft:dropped":{"minecraft:wheat_seeds":5,"alexsmobs:animal_dictionary":1,"minecraft:glass_bottle":1,"minecraft:glow_berries":5,"minecraft:rotten_flesh":1,"minecraft:amethyst_block":8,"pizzacraft:cucumber_seeds":1,"minecraft:stick":1,"minecraft:torch":2,"tombstone:grave_key":1,"minecraft:mutton":1,"minecraft:spider_eye":1,"minecraft:oak_sapling":1,"tombstone:grave_dust":1,"minecraft:pumpkin":1,"pizzacraft:pineapple_seeds":1,"pfm:furniture_book":1,"minecraft:arrow":1,"pizzacraft:broccoli_seeds":2,"minecraft:wooden_pickaxe":1}},"DataVersion":3465}