{"stats":{"minecraft:used":{"minecraft:tropical_fish":1,"minecraft:iron_sword":248,"minecraft:torch":14,"minecraft:dirt":17,"minecraft:mutton":7,"pizzacraft:corn":2,"minecraft:spruce_stairs":3,"minecraft:jungle_slab":5,"minecraft:golden_shovel":40,"minecraft:spruce_fence":1,"minecraft:obsidian":3,"biomesoplenty:maple_sapling":17,"minecraft:wooden_axe":72,"tombstone:tablet_of_cupidity":2,"minecraft:smooth_quartz":16,"minecraft:beef":3,"minecraft:sweet_berries":89,"minecraft:oak_sapling":1,"minecraft:furnace":1,"tombstone:gift":4,"minecraft:potato":28,"minecraft:cooked_beef":5,"minecraft:pumpkin":5,"minecraft:golden_axe":24,"minecraft:cooked_mutton":4,"minecraft:dark_oak_stairs":1,"simplyswords:gold_spear":31,"minecraft:stone_pickaxe":98,"minecraft:oak_planks":42,"minecraft:wooden_pickaxe":51,"minecraft:sandstone":3,"minecraft:deepslate_bricks":2,"minecraft:salmon":4,"minecraft:white_wool":1,"minecraft:glow_berries":10,"minecraft:sand":24,"minecraft:crafting_table":5,"minecraft:white_bed":3,"minecraft:deepslate_brick_stairs":1,"minecraft:oak_log":16,"minecraft:dark_prismarine":6,"minecraft:apple":2,"minecraft:bread":12,"simplyswords:frostfall":9,"minecraft:wooden_sword":82,"minecraft:cobblestone":12,"minecraft:potion":2,"minecraft:white_banner":1,"minecraft:cooked_rabbit":1,"minecraft:experience_bottle":1,"minecraft:gray_wool":1},"minecraft:mined":{"minecraft:dark_oak_planks":2,"minecraft:dark_prismarine":2,"minecraft:white_bed":3,"minecraft:jungle_slab":3,"minecraft:carved_pumpkin":1,"minecraft:cave_vines_plant":1,"biomesoplenty:bush":4,"minecraft:grass_block":9,"minecraft:spruce_fence":5,"minecraft:deepslate_bricks":2,"minecraft:spruce_leaves":2,"minecraft:sandstone":3,"minecraft:large_fern":3,"minecraft:tall_seagrass":1,"minecraft:furnace":2,"minecraft:fire":3,"minecraft:andesite":3,"minecraft:pumpkin":7,"minecraft:azure_bluet":1,"minecraft:dark_oak_stairs":1,"minecraft:cave_vines":2,"minecraft:iron_bars":2,"minecraft:deepslate_brick_stairs":1,"minecraft:spruce_wood":3,"minecraft:stone":25,"minecraft:white_wool":1,"minecraft:spruce_slab":2,"minecraft:podzol":19,"minecraft:oak_slab":1,"minecraft:smoker":1,"minecraft:amethyst_cluster":3,"minecraft:crafting_table":4,"minecraft:torch":1,"minecraft:dark_oak_wood":4,"minecraft:oak_wood":3,"minecraft:tall_grass":54,"minecraft:copper_ore":6,"biomesoplenty:sprout":4,"biomesoplenty:huge_clover_petal":21,"minecraft:oak_planks":3,"minecraft:amethyst_block":8,"minecraft:seagrass":2,"minecraft:spruce_stairs":2,"minecraft:sweet_berry_bush":8,"minecraft:ice":1,"biomesoplenty:maple_sapling":1,"minecraft:sand":49,"minecraft:grass":153,"biomesoplenty:clover":11,"minecraft:oak_log":30,"minecraft:coal_ore":9,"minecraft:bubble_coral_wall_fan":1,"minecraft:cyan_carpet":15,"minecraft:dirt":8,"minecraft:smooth_quartz":16,"minecraft:red_mushroom_block":1,"biomesoplenty:redwood_wood":23,"minecraft:oak_leaves":15,"minecraft:fern":3},"minecraft:killed_by":{"minecraft:player":1},"minecraft:crafted":{"minecraft:wooden_sword":1,"minecraft:oak_planks":84,"minecraft:cooked_mutton":4,"minecraft:stone_pickaxe":1,"minecraft:cooked_rabbit":1,"minecraft:cooked_beef":4,"minecraft:crafting_table":2,"minecraft:spruce_planks":4,"minecraft:wooden_pickaxe":3,"minecraft:copper_ingot":4,"minecraft:air":0,"minecraft:stick":12,"minecraft:gold_ingot":2,"minecraft:wooden_axe":3,"minecraft:torch":24},"minecraft:custom":{"minecraft:mob_kills":30,"minecraft:interact_with_crafting_table":18,"minecraft:open_barrel":6,"minecraft:damage_dealt_resisted":1204,"minecraft:leave_game":7,"minecraft:time_since_death":49336,"minecraft:climb_one_cm":4512,"minecraft:damage_resisted":10,"minecraft:sprint_one_cm":295826,"minecraft:walk_one_cm":583029,"minecraft:drop":65,"minecraft:play_time":164735,"minecraft:deaths":3,"minecraft:sneak_time":2813,"minecraft:walk_under_water_one_cm":39022,"minecraft:jump":2095,"minecraft:walk_on_water_one_cm":42586,"minecraft:total_world_time":164735,"minecraft:interact_with_furnace":13,"tombstone:raider_killed":2,"minecraft:sleep_in_bed":3,"minecraft:time_since_rest":33514,"minecraft:waystone_activated":3,"minecraft:damage_taken":4969,"minecraft:damage_dealt":6618,"minecraft:swim_one_cm":125150,"minecraft:fly_one_cm":220956,"minecraft:open_chest":29,"minecraft:crouch_one_cm":6765,"tombstone:undead_killed":6,"minecraft:fall_one_cm":43421,"minecraft:inspect_dispenser":1},"minecraft:picked_up":{"minecraft:crafting_table":4,"minecraft:iron_chestplate":1,"minecraft:potion":1,"minecraft:amethyst_block":8,"minecraft:string":3,"minecraft:moss_carpet":1,"minecraft:raw_copper":39,"minecraft:cyan_carpet":12,"minecraft:spruce_planks":11,"minecraft:beef":7,"minecraft:jungle_sapling":2,"minecraft:smooth_quartz":16,"minecraft:spruce_slab":2,"biomesoplenty:redwood_wood":23,"minecraft:furnace":2,"pizzacraft:corn":2,"minecraft:sandstone":3,"minecraft:stick":19,"pizzacraft:pineapple_seeds":3,"artifacts:charm_of_sinking":1,"minecraft:copper_ingot":5,"minecraft:torch":3,"minecraft:spruce_stairs":3,"minecraft:spruce_fence":4,"sophisticatedbackpacks:backpack":1,"pizzacraft:tomato_seeds":4,"tombstone:grave_dust":1,"minecraft:dark_oak_planks":2,"simplyswords:gold_spear":1,"minecraft:arrow":11,"minecraft:rotten_flesh":1,"minecraft:deepslate_bricks":2,"minecraft:carved_pumpkin":1,"minecraft:deepslate_brick_stairs":1,"minecraft:glow_berries":12,"minecraft:mutton":12,"minecraft:iron_bars":4,"minecraft:white_wool":8,"minecraft:cobblestone":24,"minecraft:cooked_beef":1,"pizzacraft:pepper_seeds":2,"minecraft:andesite":1,"minecraft:salmon":4,"minecraft:leather":2,"minecraft:smoker":1,"minecraft:filled_map":3,"minecraft:oak_log":34,"pizzacraft:broccoli_seeds":2,"minecraft:dirt":23,"minecraft:white_banner":1,"minecraft:cooked_mutton":1,"pizzacraft:cucumber_seeds":1,"minecraft:bone":4,"minecraft:apple":1,"minecraft:wheat_seeds":22,"minecraft:spruce_wood":1,"minecraft:glass_bottle":2,"minecraft:iron_sword":1,"minecraft:oak_planks":13,"minecraft:dark_oak_stairs":1,"minecraft:oak_slab":1,"scalinghealth:heart_crystal_shard":10,"minecraft:pumpkin":7,"minecraft:sweet_berries":56,"minecraft:sand":44,"minecraft:amethyst_shard":14,"minecraft:white_bed":3,"minecraft:jungle_slab":5,"minecraft:spider_eye":5,"minecraft:dark_prismarine":6,"minecraft:oak_wood":3,"alexsmobs:raw_catfish":3,"biomesoplenty:maple_sapling":17,"waystones:waystone":1,"minecraft:gray_wool":2,"minecraft:oak_sapling":3,"minecraft:dark_oak_wood":5,"minecraft:coal":10},"minecraft:broken":{"minecraft:golden_shovel":1,"minecraft:wooden_pickaxe":1,"minecraft:stone_pickaxe":1,"minecraft:wooden_sword":1,"minecraft:iron_sword":1,"minecraft:wooden_axe":1},"minecraft:killed":{"minecraft:cave_spider":5,"minecraft:spider":1,"minecraft:skeleton":3,"earthmobsmod:dairy_cow":1,"alexsmobs:seal":1,"minecraft:sheep":8,"alexsmobs:catfish":1,"minecraft:pillager":2,"minecraft:zombie":1,"minecraft:wither_skeleton":2,"minecraft:cow":3},"minecraft:dropped":{"minecraft:bread":9,"minecraft:wheat_seeds":9,"minecraft:glass_bottle":3,"scalinghealth:heart_crystal_shard":5,"minecraft:glow_berries":5,"minecraft:amethyst_block":8,"pizzacraft:cucumber_seeds":1,"minecraft:stick":1,"minecraft:dirt":3,"tombstone:magic_scroll":1,"minecraft:torch":2,"tombstone:grave_key":1,"minecraft:mutton":1,"tombstone:grave_dust":1,"minecraft:potion":1,"simplyswords:frostfall":1,"minecraft:pumpkin":2,"minecraft:heart_of_the_sea":1,"minecraft:string":1,"minecraft:moss_carpet":1,"alexsmobs:animal_dictionary":1,"minecraft:rotten_flesh":1,"minecraft:spruce_fence":1,"minecraft:filled_map":1,"pizzacraft:pepper_seeds":2,"minecraft:oak_sapling":1,"minecraft:iron_bars":2,"minecraft:spider_eye":4,"pizzacraft:pineapple_seeds":1,"pfm:furniture_book":1,"minecraft:spruce_slab":1,"minecraft:wooden_pickaxe":1,"minecraft:arrow":9,"pizzacraft:broccoli_seeds":2,"simplyswords:gold_spear":2,"pizzacraft:tomato_seeds":4,"caupona:asses":5}},"DataVersion":3465}