{"stats":{"minecraft:mined":{"minecraft:kelp_plant":3,"minecraft:sculk_vein":3,"minecraft:cherry_log":19,"minecraft:mangrove_roots":1,"minecraft:powder_snow":9,"biomesoplenty:bush":2,"minecraft:allium":2,"minecraft:rose_bush":3,"minecraft:white_stained_glass":2,"minecraft:tall_grass":8,"minecraft:spruce_leaves":1,"minecraft:kelp":2,"minecraft:sculk":3,"minecraft:pink_petals":11,"minecraft:seagrass":1,"minecraft:tall_seagrass":1,"biomesoplenty:jacaranda_log":7,"biomesoplenty:tall_lavender":1,"minecraft:carrots":6,"minecraft:sea_pickle":1,"minecraft:wheat":13,"minecraft:birch_trapdoor":1,"minecraft:gray_bed":2,"minecraft:stripped_oak_wood":1,"minecraft:mangrove_leaves":2,"minecraft:pitcher_plant":2,"minecraft:grass":15,"minecraft:potatoes":5,"minecraft:oak_log":4,"minecraft:coal_ore":4,"minecraft:beetroots":3,"minecraft:packed_ice":8},"minecraft:used":{"minecraft:wheat_seeds":21,"minecraft:cooked_mutton":3,"minecraft:rose_bush":1,"minecraft:wooden_pickaxe":17,"earthmobsmod:fancy_egg":1,"minecraft:allium":1,"minecraft:wooden_axe":5,"minecraft:chicken":1,"minecraft:bread":6,"biomesoplenty:tall_lavender":1,"minecraft:birch_trapdoor":1,"minecraft:stone_axe":70,"minecraft:beef":1,"minecraft:mangrove_roots":1,"minecraft:porkchop":1,"minecraft:cooked_porkchop":2,"minecraft:beetroot_seeds":9,"tombstone:gift":2,"minecraft:sea_pickle":2,"minecraft:potato":8,"minecraft:cherry_log":6},"minecraft:custom":{"minecraft:interact_with_furnace":2,"minecraft:mob_kills":13,"minecraft:interact_with_crafting_table":7,"minecraft:interact_with_campfire":8,"minecraft:leave_game":5,"minecraft:time_since_death":29574,"minecraft:climb_one_cm":376,"minecraft:time_since_rest":27467,"minecraft:waystone_activated":1,"minecraft:sprint_one_cm":186232,"minecraft:damage_taken":2380,"minecraft:walk_one_cm":261525,"minecraft:drop":29,"minecraft:damage_dealt":1519,"minecraft:swim_one_cm":33505,"minecraft:fly_one_cm":158931,"minecraft:open_chest":14,"minecraft:play_time":105274,"minecraft:crouch_one_cm":2393,"tombstone:undead_killed":2,"minecraft:deaths":3,"minecraft:sneak_time":839,"minecraft:walk_under_water_one_cm":34969,"minecraft:jump":1208,"minecraft:walk_on_water_one_cm":19737,"minecraft:total_world_time":105274,"minecraft:interact_with_smoker":2,"minecraft:fall_one_cm":34551},"minecraft:picked_up":{"minecraft:pink_petals":38,"minecraft:wheat":13,"minecraft:allium":2,"minecraft:feather":2,"minecraft:chicken":1,"minecraft:salmon":4,"minecraft:leather":1,"minecraft:golden_leggings":1,"minecraft:wooden_pickaxe":1,"minecraft:potato":20,"earthmobsmod:fancy_egg":1,"biomesoplenty:fir_log":4,"minecraft:magenta_dye":1,"minecraft:oak_log":4,"tombstone:grave_key":2,"minecraft:string":2,"minecraft:cooked_mutton":4,"biomesoplenty:tall_lavender":1,"minecraft:bone":17,"minecraft:beetroot":3,"minecraft:sea_pickle":2,"minecraft:kelp":10,"minecraft:wheat_seeds":41,"earthmobsmod:fancy_feather":6,"minecraft:beef":1,"minecraft:rose_bush":1,"minecraft:gray_bed":3,"minecraft:egg":3,"minecraft:stick":5,"minecraft:cooked_porkchop":2,"minecraft:pitcher_plant":2,"minecraft:sweet_berries":2,"minecraft:birch_trapdoor":1,"sophisticatedbackpacks:backpack":1,"minecraft:porkchop":2,"minecraft:cherry_log":14,"tombstone:grave_dust":2,"minecraft:carrot":24,"minecraft:spider_eye":1,"minecraft:arrow":1,"minecraft:rotten_flesh":1,"biomesoplenty:jacaranda_log":7,"minecraft:stone_axe":1,"minecraft:beetroot_seeds":9,"minecraft:cherry_sapling":9,"minecraft:mangrove_roots":1,"minecraft:baked_potato":4,"minecraft:coal":4},"minecraft:crafted":{"minecraft:oak_planks":8,"sophisticatedbackpacks:backpack":1,"minecraft:wooden_pickaxe":1,"minecraft:pink_dye":1,"minecraft:bread":6,"minecraft:wooden_axe":1,"minecraft:magenta_dye":1},"minecraft:dropped":{"minecraft:stone_axe":1,"minecraft:kelp":10,"minecraft:wheat_seeds":2,"alexsmobs:animal_dictionary":1,"minecraft:rotten_flesh":1,"minecraft:leather":1,"minecraft:filled_map":1,"tombstone:grave_key":3,"minecraft:gray_bed":2,"minecraft:golden_leggings":1,"earthmobsmod:fancy_feather":6,"tombstone:grave_dust":3,"minecraft:spider_eye":1,"pfm:furniture_book":1,"minecraft:magenta_dye":1},"minecraft:killed":{"minecraft:pig":2,"minecraft:salmon":4,"minecraft:spider":2,"minecraft:skeleton":1,"earthmobsmod:fancy_chicken":1,"earthmobsmod:zombified_rabbit":1,"minecraft:cow":1}},"DataVersion":3465}