{
  "minecraft:recipes/decorations/crafting_table": {
    "criteria": {
      "unlock_right_away": "2024-08-31 17:57:05 +0000"
    },
    "done": true
  },
  "minecraft:adventure/adventuring_time": {
    "criteria": {
      "minecraft:beach": "2024-08-31 17:59:03 +0000",
      "minecraft:flower_forest": "2024-08-31 17:58:47 +0000",
      "minecraft:savanna": "2024-08-31 17:57:07 +0000"
    },
    "done": false
  },
  "minecraft:recipes/transportation/mangrove_boat": {
    "criteria": {
      "in_water": "2024-08-31 17:59:29 +0000"
    },
    "done": true
  },
  "minecraft:recipes/transportation/acacia_boat": {
    "criteria": {
      "in_water": "2024-08-31 17:59:29 +0000"
    },
    "done": true
  },
  "minecraft:recipes/transportation/cherry_boat": {
    "criteria": {
      "in_water": "2024-08-31 17:59:29 +0000"
    },
    "done": true
  },
  "minecraft:recipes/transportation/bamboo_raft": {
    "criteria": {
      "in_water": "2024-08-31 17:59:29 +0000"
    },
    "done": true
  },
  "minecraft:recipes/transportation/spruce_boat": {
    "criteria": {
      "in_water": "2024-08-31 17:59:29 +0000"
    },
    "done": true
  },
  "minecraft:recipes/transportation/birch_boat": {
    "criteria": {
      "in_water": "2024-08-31 17:59:29 +0000"
    },
    "done": true
  },
  "minecraft:recipes/transportation/oak_boat": {
    "criteria": {
      "in_water": "2024-08-31 17:59:29 +0000"
    },
    "done": true
  },
  "minecraft:recipes/transportation/jungle_boat": {
    "criteria": {
      "in_water": "2024-08-31 17:59:29 +0000"
    },
    "done": true
  },
  "minecraft:recipes/transportation/dark_oak_boat": {
    "criteria": {
      "in_water": "2024-08-31 17:59:29 +0000"
    },
    "done": true
  },
  "pfm:grant_book_on_first_join": {
    "criteria": {
      "tick": "2024-09-01 04:08:06 +0000"
    },
    "done": true
  },
  "pizzacraft:root": {
    "criteria": {
      "tick": "2024-09-01 05:27:03 +0000"
    },
    "done": true
  },
  "minecraft:recipes/decorations/chest": {
    "criteria": {
      "has_lots_of_items": "2024-09-01 05:44:44 +0000"
    },
    "done": true
  },
  "morevillagers:root": {
    "criteria": {
      "always": "2024-09-02 17:47:03 +0000"
    },
    "done": true
  },
  "morevillagers:first_village": {
    "criteria": {
      "savanna": "2024-09-02 17:48:49 +0000"
    },
    "done": true
  },
  "dungeons_arise:wda_root": {
    "criteria": {
      "WDA": "2024-09-02 17:47:03 +0000"
    },
    "done": true
  },
  "alexsmobs:alexsmobs/shattered_dimensional_carver": {
    "criteria": {
      "dimensional_carver": "2024-09-02 17:47:38 +0000"
    },
    "done": true
  },
  "tombstone:adventure/root": {
    "criteria": {
      "auto": "2024-09-02 17:47:05 +0000"
    },
    "done": true
  },
  "alexsmobs:alexsmobs/root": {
    "criteria": {
      "useitem": "2024-09-02 17:48:22 +0000"
    },
    "done": true
  },
  "morevillagers:all_villages": {
    "criteria": {
      "savanna": "2024-09-02 17:48:49 +0000"
    },
    "done": false
  },
  "alexsmobs:alexsmobs/mysterious_worm": {
    "criteria": {
      "mysterious_worm": "2024-09-02 17:47:34 +0000"
    },
    "done": true
  },
  "alexsmobs:alexsmobs/dimensional_carver": {
    "criteria": {
      "dimensional_carver": "2024-09-02 17:47:39 +0000"
    },
    "done": true
  },
  "minecraft:husbandry/root": {
    "criteria": {
      "consumed_item": "2024-09-02 17:48:22 +0000"
    },
    "done": true
  },
  "DataVersion": 3465
}