{
  "morevillagers:root": {
    "criteria": {
      "always": "2024-09-02 19:06:45 +0000"
    },
    "done": true
  },
  "pizzacraft:root": {
    "criteria": {
      "tick": "2024-09-02 19:06:45 +0000"
    },
    "done": true
  },
  "minecraft:recipes/decorations/crafting_table": {
    "criteria": {
      "unlock_right_away": "2024-09-02 19:06:45 +0000"
    },
    "done": true
  },
  "pfm:grant_book_on_first_join": {
    "criteria": {
      "tick": "2024-09-02 19:06:45 +0000"
    },
    "done": true
  },
  "dungeons_arise:wda_root": {
    "criteria": {
      "WDA": "2024-09-02 19:06:45 +0000"
    },
    "done": true
  },
  "biomesoplenty:biomesoplenty/root": {
    "criteria": {
      "lavender_forest": "2024-09-02 19:06:47 +0000"
    },
    "done": true
  },
  "tombstone:adventure/root": {
    "criteria": {
      "auto": "2024-09-02 19:06:47 +0000"
    },
    "done": true
  },
  "biomesoplenty:biomesoplenty/all_biomes": {
    "criteria": {
      "shrubland": "2024-09-02 19:07:09 +0000",
      "rocky_shrubland": "2024-09-02 19:51:11 +0000",
      "highland": "2024-09-02 20:06:57 +0000",
      "jade_cliffs": "2024-09-02 19:57:07 +0000",
      "field": "2024-09-02 20:06:48 +0000",
      "orchard": "2024-09-02 19:36:36 +0000",
      "lavender_forest": "2024-09-02 19:06:47 +0000",
      "coniferous_forest": "2024-09-02 20:12:47 +0000",
      "pasture": "2024-09-02 19:07:11 +0000",
      "lavender_field": "2024-09-02 19:29:45 +0000",
      "grassland": "2024-09-02 20:06:15 +0000",
      "prairie": "2024-09-02 19:40:12 +0000",
      "crag": "2024-09-02 20:07:30 +0000"
    },
    "done": false
  },
  "minecraft:recipes/combat/leather_helmet": {
    "criteria": {
      "has_leather": "2024-09-02 19:46:35 +0000"
    },
    "done": true
  },
  "minecraft:recipes/decorations/ladder": {
    "criteria": {
      "has_stick": "2024-09-02 19:26:44 +0000"
    },
    "done": true
  },
  "pfm:recipes/furniture/lime_simple_sofa": {
    "criteria": {
      "has_wool": "2024-09-02 19:26:25 +0000"
    },
    "done": true
  },
  "cfm:recipes/decorations/orange_cooler": {
    "criteria": {
      "has_chest": "2024-09-02 19:59:48 +0000"
    },
    "done": true
  },
  "biomesoplenty:recipes/building_blocks/jacaranda_slab": {
    "criteria": {
      "has_planks": "2024-09-02 19:26:10 +0000"
    },
    "done": true
  },
  "pfm:recipes/furniture/jacaranda_biomesoplenty_simple_bunk_ladder": {
    "criteria": {
      "has_planks": "2024-09-02 19:26:10 +0000"
    },
    "done": true
  },
  "cfm:recipes/decorations/oak_coffee_table": {
    "criteria": {
      "has_log": "2024-09-02 19:26:25 +0000"
    },
    "done": true
  },
  "minecraft:recipes/decorations/fletching_table": {
    "criteria": {
      "has_flint": "2024-09-02 19:28:33 +0000"
    },
    "done": true
  },
  "minecraft:recipes/food/cooked_chicken_from_campfire_cooking": {
    "criteria": {
      "has_chicken": "2024-09-02 20:14:38 +0000"
    },
    "done": true
  },
  "minecraft:recipes/food/cooked_mutton_from_smoking": {
    "criteria": {
      "has_mutton": "2024-09-02 19:45:35 +0000"
    },
    "done": true
  },
  "mcwwindows:recipes/diorite": {
    "criteria": {
      "has_the_recipe": "2024-09-02 19:26:25 +0000"
    },
    "done": true
  },
  "minecraft:recipes/food/baked_potato_from_grill_cooking": {
    "criteria": {
      "has_potato": "2024-09-02 20:17:49 +0000"
    },
    "done": true
  },
  "another_furniture:recipes/oak_drawer": {
    "criteria": {
      "has_planks": "2024-09-02 19:26:44 +0000"
    },
    "done": true
  },
  "mcwtrpdoors:recipes/metal/metal_warning_trapdoor": {
    "criteria": {
      "has_logs": "2024-09-02 20:10:05 +0000"
    },
    "done": true
  },
  "morevillagers:recipes/hunting_post": {
    "criteria": {
      "has_arrow": "2024-09-02 19:27:49 +0000"
    },
    "done": true
  },
  "cfm:recipes/decorations/brown_kitchen_drawer": {
    "criteria": {
      "has_chest": "2024-09-02 19:59:48 +0000"
    },
    "done": true
  },
  "fairylights:recipes/fairylights/incandescent_light": {
    "criteria": {
      "has_iron": "2024-09-02 20:10:05 +0000"
    },
    "done": true
  },
  "pfm:recipes/furniture/cherry_table_dinner": {
    "criteria": {
      "has_planks": "2024-09-02 19:59:50 +0000"
    },
    "done": true
  },
  "pfm:recipes/furniture/jacaranda_biomesoplenty_table_dinner": {
    "criteria": {
      "has_planks": "2024-09-02 19:26:10 +0000"
    },
    "done": true
  },
  "mcwwindows:recipes/warped": {
    "criteria": {
      "has_the_recipe": "2024-09-02 19:26:25 +0000"
    },
    "done": true
  },
  "minecraft:recipes/decorations/oak_sign": {
    "criteria": {
      "has_planks": "2024-09-02 19:26:49 +0000"
    },
    "done": true
  },
  "dungeons_arise:find_wishing_well": {
    "criteria": {
      "location0": "2024-09-02 19:52:08 +0000"
    },
    "done": true
  },
  "minecraft:recipes/decorations/purple_stained_glass_pane_from_glass_pane": {
    "criteria": {
      "has_purple_dye": "2024-09-02 20:00:26 +0000"
    },
    "done": true
  },
  "minecraft:recipes/building_blocks/raw_iron_block": {
    "criteria": {
      "has_raw_iron": "2024-09-02 20:15:37 +0000"
    },
    "done": true
  },
  "pfm:recipes/furniture/jacaranda_biomesoplenty_kitchen_wall_drawer": {
    "criteria": {
      "has_planks": "2024-09-02 19:26:10 +0000"
    },
    "done": true
  },
  "cfm:recipes/decorations/blue_grill": {
    "criteria": {
      "has_iron": "2024-09-02 20:10:05 +0000"
    },
    "done": true
  },
  "pfm:recipes/furniture/pink_arm_chair": {
    "criteria": {
      "has_wool": "2024-09-02 19:26:25 +0000"
    },
    "done": true
  },
  "biomesoplenty:recipes/transportation/willow_boat": {
    "criteria": {
      "in_water": "2024-09-02 20:13:21 +0000"
    },
    "done": true
  },
  "cfm:recipes/decorations/light_blue_grill": {
    "criteria": {
      "has_iron": "2024-09-02 20:10:05 +0000"
    },
    "done": true
  },
  "another_furniture:recipes/oak_chair": {
    "criteria": {
      "has_planks": "2024-09-02 19:26:49 +0000"
    },
    "done": true
  },
  "cfm:recipes/decorations/brown_grill": {
    "criteria": {
      "has_iron": "2024-09-02 20:10:05 +0000"
    },
    "done": true
  },
  "pfm:recipes/furniture/orange_arm_chair": {
    "criteria": {
      "has_wool": "2024-09-02 19:26:25 +0000"
    },
    "done": true
  },
  "tombstone:recipes/from_grave_key": {
    "criteria": {
      "has_ingredient": "2024-09-02 19:27:24 +0000"
    },
    "done": true
  },
  "mcwwindows:recipes/dark_oak": {
    "criteria": {
      "has_the_recipe": "2024-09-02 19:26:25 +0000"
    },
    "done": true
  },
  "minecraft:recipes/combat/iron_helmet": {
    "criteria": {
      "has_iron_ingot": "2024-09-02 20:10:05 +0000"
    },
    "done": true
  },
  "pfm:recipes/furniture/jacaranda_biomesoplenty_chair_classic": {
    "criteria": {
      "has_planks": "2024-09-02 19:26:10 +0000"
    },
    "done": true
  },
  "minecraft:recipes/building_blocks/dye_magenta_carpet": {
    "criteria": {
      "has_needed_dye": "2024-09-02 20:01:31 +0000"
    },
    "done": true
  },
  "minecraft:story/mine_stone": {
    "criteria": {
      "get_stone": "2024-09-02 19:32:25 +0000"
    },
    "done": true
  },
  "minecraft:recipes/decorations/furnace": {
    "criteria": {
      "has_cobblestone": "2024-09-02 19:32:25 +0000"
    },
    "done": true
  },
  "pfm:recipes/furniture/oak_table_basic": {
    "criteria": {
      "has_planks": "2024-09-02 19:26:49 +0000"
    },
    "done": true
  },
  "cfm:recipes/decorations/dark_oak_mail_box": {
    "criteria": {
      "has_chest": "2024-09-02 19:59:48 +0000"
    },
    "done": true
  },
  "cfm:recipes/decorations/gray_kitchen_drawer": {
    "criteria": {
      "has_chest": "2024-09-02 19:59:48 +0000"
    },
    "done": true
  },
  "mcwtrpdoors:recipes/oak/oak_swamp_trapdoor": {
    "criteria": {
      "has_logs": "2024-09-02 19:26:25 +0000"
    },
    "done": true
  },
  "mcwwindows:recipes/curtains": {
    "criteria": {
      "has_wood": "2024-09-02 19:45:35 +0000"
    },
    "done": true
  },
  "minecraft:recipes/decorations/cherry_fence": {
    "criteria": {
      "has_planks": "2024-09-02 19:59:50 +0000"
    },
    "done": true
  },
  "cfm:recipes/decorations/stripped_acacia_kitchen_drawer": {
    "criteria": {
      "has_chest": "2024-09-02 19:59:48 +0000"
    },
    "done": true
  },
  "minecraft:recipes/tools/wooden_axe": {
    "criteria": {
      "has_stick": "2024-09-02 19:26:44 +0000"
    },
    "done": true
  },
  "pfm:recipes/furniture/cherry_table_modern_dinner": {
    "criteria": {
      "has_planks": "2024-09-02 19:59:50 +0000"
    },
    "done": true
  },
  "mcwwindows:recipes/blinds": {
    "criteria": {
      "has_wood": "2024-09-02 19:26:49 +0000",
      "has_the_recipe": "2024-09-02 19:26:49 +0000"
    },
    "done": true
  },
  "cfm:recipes/decorations/birch_mail_box": {
    "criteria": {
      "has_chest": "2024-09-02 19:59:48 +0000"
    },
    "done": true
  },
  "cfm:recipes/decorations/blue_cooler": {
    "criteria": {
      "has_chest": "2024-09-02 19:59:48 +0000"
    },
    "done": true
  },
  "pfm:recipes/furniture/cherry_classic_stool": {
    "criteria": {
      "has_planks": "2024-09-02 19:59:50 +0000"
    },
    "done": true
  },
  "pfm:recipes/furniture/cherry_chair": {
    "criteria": {
      "has_planks": "2024-09-02 19:59:50 +0000"
    },
    "done": true
  },
  "minecraft:recipes/misc/gold_nugget_from_blasting": {
    "criteria": {
      "has_golden_sword": "2024-09-02 19:28:32 +0000"
    },
    "done": true
  },
  "pfm:recipes/furniture/jacaranda_biomesoplenty_kitchen_cabinet": {
    "criteria": {
      "has_planks": "2024-09-02 19:26:10 +0000"
    },
    "done": true
  },
  "mcwholidays:recipes/skeleton_balloon": {
    "criteria": {
      "has_planks": "2024-09-02 19:45:35 +0000"
    },
    "done": true
  },
  "pfm:recipes/furniture/oak_chair_modern": {
    "criteria": {
      "has_planks": "2024-09-02 19:26:49 +0000"
    },
    "done": true
  },
  "minecraft:recipes/decorations/purple_candle": {
    "criteria": {
      "has_purple_dye": "2024-09-02 20:00:26 +0000"
    },
    "done": true
  },
  "minecraft:recipes/combat/leather_chestplate": {
    "criteria": {
      "has_leather": "2024-09-02 19:46:35 +0000"
    },
    "done": true
  },
  "mcwholidays:recipes/laying_hay_bale": {
    "criteria": {
      "has_planks": "2024-09-02 20:13:11 +0000"
    },
    "done": true
  },
  "cfm:recipes/decorations/diving_board": {
    "criteria": {
      "has_wheat": "2024-09-02 20:18:06 +0000"
    },
    "done": true
  },
  "pfm:recipes/furniture/red_simple_sofa": {
    "criteria": {
      "has_wool": "2024-09-02 19:26:25 +0000"
    },
    "done": true
  },
  "bakery:recipes/cabinet": {
    "criteria": {
      "has_oak_planks": "2024-09-02 19:26:49 +0000"
    },
    "done": true
  },
  "pfm:recipes/furniture/jacaranda_biomesoplenty_table_classic": {
    "criteria": {
      "has_planks": "2024-09-02 19:26:10 +0000"
    },
    "done": true
  },
  "minecraft:adventure/shoot_arrow": {
    "criteria": {
      "shot_arrow": "2024-09-02 20:14:22 +0000"
    },
    "done": true
  },
  "cfm:recipes/decorations/fridge_dark": {
    "criteria": {
      "has_chest": "2024-09-02 19:59:48 +0000"
    },
    "done": true
  },
  "pfm:recipes/furniture/jacaranda_biomesoplenty_kitchen_sink": {
    "criteria": {
      "has_planks": "2024-09-02 19:26:10 +0000"
    },
    "done": true
  },
  "mcwtrpdoors:recipes/oak/oak_paper_trapdoor": {
    "criteria": {
      "has_logs": "2024-09-02 19:26:25 +0000"
    },
    "done": true
  },
  "morevillagers:recipes/mining_bench": {
    "criteria": {
      "has_iron_pickaxe": "2024-09-02 20:10:04 +0000"
    },
    "done": true
  },
  "mcwholidays:recipes/hay_wheelbarrow": {
    "criteria": {
      "has_planks": "2024-09-02 20:13:11 +0000"
    },
    "done": true
  },
  "minecraft:recipes/decorations/chest": {
    "criteria": {
      "has_lots_of_items": "2024-09-02 19:28:06 +0000"
    },
    "done": true
  },
  "cfm:recipes/decorations/black_trampoline": {
    "criteria": {
      "has_iron": "2024-09-02 20:10:05 +0000"
    },
    "done": true
  },
  "minecraft:recipes/tools/shears": {
    "criteria": {
      "has_iron_ingot": "2024-09-02 20:10:05 +0000"
    },
    "done": true
  },
  "minecraft:recipes/misc/stick": {
    "criteria": {
      "has_planks": "2024-09-02 19:26:10 +0000"
    },
    "done": true
  },
  "mcwwindows:recipes/dark_prismarine": {
    "criteria": {
      "has_the_recipe": "2024-09-02 19:26:25 +0000"
    },
    "done": true
  },
  "pfm:recipes/furniture/cherry_chair_modern": {
    "criteria": {
      "has_planks": "2024-09-02 19:59:50 +0000"
    },
    "done": true
  },
  "another_furniture:recipes/dark_oak_drawer": {
    "criteria": {
      "has_planks": "2024-09-02 19:26:44 +0000"
    },
    "done": true
  },
  "biomesoplenty:recipes/misc/purple_dye_from_tall_lavender": {
    "criteria": {
      "has_flower": "2024-09-02 19:27:09 +0000"
    },
    "done": true
  },
  "minecraft:recipes/food/cooked_mutton_from_grill_cooking": {
    "criteria": {
      "has_mutton": "2024-09-02 19:45:35 +0000"
    },
    "done": true
  },
  "cfm:recipes/decorations/dye_magenta_picket_fence": {
    "criteria": {
      "has_dye": "2024-09-02 20:01:31 +0000"
    },
    "done": true
  },
  "pfm:recipes/furniture/oak_kitchen_wall_drawer": {
    "criteria": {
      "has_planks": "2024-09-02 19:26:49 +0000"
    },
    "done": true
  },
  "minecraft:recipes/misc/red_dye_from_rose_bush": {
    "criteria": {
      "has_rose_bush": "2024-09-02 20:12:08 +0000"
    },
    "done": true
  },
  "minecraft:recipes/misc/magenta_dye_from_purple_and_pink": {
    "criteria": {
      "has_purple_dye": "2024-09-02 20:00:26 +0000"
    },
    "done": true
  },
  "pfm:recipes/furniture/magenta_simple_sofa": {
    "criteria": {
      "has_wool": "2024-09-02 19:26:25 +0000"
    },
    "done": true
  },
  "cfm:recipes/decorations/yellow_grill": {
    "criteria": {
      "has_iron": "2024-09-02 20:10:05 +0000"
    },
    "done": true
  },
  "minecraft:recipes/building_blocks/cobblestone_slab_from_cobblestone_stonecutting": {
    "criteria": {
      "has_cobblestone": "2024-09-02 19:32:25 +0000"
    },
    "done": true
  },
  "minecraft:recipes/transportation/cherry_boat": {
    "criteria": {
      "in_water": "2024-09-02 20:13:21 +0000"
    },
    "done": true
  },
  "pfm:recipes/furniture/oak_classic_nightstand": {
    "criteria": {
      "has_planks": "2024-09-02 19:26:49 +0000"
    },
    "done": true
  },
  "cfm:recipes/decorations/stripped_spruce_mail_box": {
    "criteria": {
      "has_chest": "2024-09-02 19:59:48 +0000"
    },
    "done": true
  },
  "cfm:recipes/decorations/dye_magenta_picket_gate": {
    "criteria": {
      "has_dye": "2024-09-02 20:01:31 +0000"
    },
    "done": true
  },
  "minecraft:adventure/kill_all_mobs": {
    "criteria": {
      "minecraft:skeleton": "2024-09-02 19:27:11 +0000",
      "minecraft:spider": "2024-09-02 19:26:59 +0000",
      "minecraft:creeper": "2024-09-02 19:55:22 +0000",
      "minecraft:zombie": "2024-09-02 19:28:54 +0000"
    },
    "done": false
  },
  "cfm:recipes/decorations/oak_crate": {
    "criteria": {
      "has_log": "2024-09-02 19:26:25 +0000"
    },
    "done": true
  },
  "cfm:recipes/decorations/oak_kitchen_sink_dark": {
    "criteria": {
      "has_bottom": "2024-09-02 19:26:49 +0000"
    },
    "done": true
  },
  "cfm:recipes/decorations/oak_desk_cabinet": {
    "criteria": {
      "has_log": "2024-09-02 19:26:25 +0000"
    },
    "done": true
  },
  "pfm:recipes/furniture/jacaranda_biomesoplenty_table_basic": {
    "criteria": {
      "has_planks": "2024-09-02 19:26:10 +0000"
    },
    "done": true
  },
  "cfm:recipes/decorations/fridge_light": {
    "criteria": {
      "has_chest": "2024-09-02 19:59:48 +0000"
    },
    "done": true
  },
  "pfm:recipes/furniture/iron_freezer": {
    "criteria": {
      "has_iron_ingot": "2024-09-02 20:10:05 +0000"
    },
    "done": true
  },
  "minecraft:recipes/building_blocks/cherry_planks": {
    "criteria": {
      "has_log": "2024-09-02 19:49:17 +0000"
    },
    "done": true
  },
  "biomesoplenty:recipes/transportation/umbran_boat": {
    "criteria": {
      "in_water": "2024-09-02 20:13:21 +0000"
    },
    "done": true
  },
  "minecraft:recipes/building_blocks/iron_block": {
    "criteria": {
      "has_iron_ingot": "2024-09-02 20:10:05 +0000"
    },
    "done": true
  },
  "pfm:recipes/furniture/brown_arm_chair": {
    "criteria": {
      "has_wool": "2024-09-02 19:26:25 +0000"
    },
    "done": true
  },
  "cfm:recipes/decorations/cyan_kitchen_drawer": {
    "criteria": {
      "has_chest": "2024-09-02 19:59:48 +0000"
    },
    "done": true
  },
  "pfm:recipes/furniture/cherry_table_basic": {
    "criteria": {
      "has_planks": "2024-09-02 19:59:50 +0000"
    },
    "done": true
  },
  "minecraft:recipes/redstone/tripwire_hook": {
    "criteria": {
      "has_string": "2024-09-02 19:27:03 +0000"
    },
    "done": true
  },
  "mcwwindows:recipes/components": {
    "criteria": {
      "has_wood": "2024-09-02 19:26:25 +0000"
    },
    "done": true
  },
  "recrafted_creatures:unfamiliar_fauna": {
    "criteria": {
      "owl": "2024-09-02 19:56:35 +0000",
      "red_panda": "2024-09-02 19:55:54 +0000"
    },
    "done": false
  },
  "pfm:recipes/furniture/jacaranda_biomesoplenty_classic_stool": {
    "criteria": {
      "has_planks": "2024-09-02 19:26:10 +0000"
    },
    "done": true
  },
  "minecraft:recipes/building_blocks/stone": {
    "criteria": {
      "has_cobblestone": "2024-09-02 19:32:25 +0000"
    },
    "done": true
  },
  "pfm:recipes/furniture/iron_stove": {
    "criteria": {
      "has_iron_ingot": "2024-09-02 20:10:05 +0000"
    },
    "done": true
  },
  "pfm:recipes/furniture/oak_table_classic": {
    "criteria": {
      "has_planks": "2024-09-02 19:26:49 +0000"
    },
    "done": true
  },
  "pfm:recipes/furniture/purple_simple_sofa": {
    "criteria": {
      "has_wool": "2024-09-02 19:26:25 +0000"
    },
    "done": true
  },
  "minecraft:recipes/transportation/bamboo_raft": {
    "criteria": {
      "in_water": "2024-09-02 20:13:21 +0000"
    },
    "done": true
  },
  "cfm:recipes/decorations/stripped_mangrove_kitchen_drawer": {
    "criteria": {
      "has_chest": "2024-09-02 19:59:48 +0000"
    },
    "done": true
  },
  "pfm:recipes/root": {
    "criteria": {
      "has_planks": "2024-09-02 19:26:10 +0000"
    },
    "done": true
  },
  "pfm:recipes/furniture/green_simple_sofa": {
    "criteria": {
      "has_wool": "2024-09-02 19:26:25 +0000"
    },
    "done": true
  },
  "bakery:recipes/bread_knife": {
    "criteria": {
      "has_iron_ingot": "2024-09-02 20:10:05 +0000"
    },
    "done": true
  },
  "pfm:recipes/furniture/oak_chair": {
    "criteria": {
      "has_planks": "2024-09-02 19:26:49 +0000"
    },
    "done": true
  },
  "pfm:recipes/furniture/oak_kitchen_sink": {
    "criteria": {
      "has_planks": "2024-09-02 19:26:49 +0000"
    },
    "done": true
  },
  "minecraft:recipes/decorations/candle": {
    "criteria": {
      "has_string": "2024-09-02 19:27:03 +0000"
    },
    "done": true
  },
  "minecraft:recipes/food/bread": {
    "criteria": {
      "has_wheat": "2024-09-02 20:18:06 +0000"
    },
    "done": true
  },
  "pfm:recipes/furniture/blue_arm_chair": {
    "criteria": {
      "has_wool": "2024-09-02 19:26:25 +0000"
    },
    "done": true
  },
  "minecraft:recipes/decorations/magenta_candle": {
    "criteria": {
      "has_magenta_dye": "2024-09-02 20:01:31 +0000"
    },
    "done": true
  },
  "biomesoplenty:recipes/transportation/dead_boat": {
    "criteria": {
      "in_water": "2024-09-02 20:13:21 +0000"
    },
    "done": true
  },
  "cfm:recipes/decorations/blue_trampoline": {
    "criteria": {
      "has_iron": "2024-09-02 20:10:05 +0000"
    },
    "done": true
  },
  "tombstone:adventure/cancel_ghostly_shape": {
    "criteria": {
      "coded_trigger": "2024-09-02 20:09:35 +0000"
    },
    "done": true
  },
  "another_furniture:recipes/white_stool": {
    "criteria": {
      "has_wool": "2024-09-02 19:45:35 +0000"
    },
    "done": true
  },
  "cfm:recipes/decorations/stripped_oak_kitchen_drawer": {
    "criteria": {
      "has_log": "2024-09-02 19:26:25 +0000"
    },
    "done": true
  },
  "fairylights:recipes/fairylights/garland": {
    "criteria": {
      "has_iron": "2024-09-02 20:10:05 +0000"
    },
    "done": true
  },
  "pfm:recipes/furniture/cherry_simple_stool": {
    "criteria": {
      "has_planks": "2024-09-02 19:59:50 +0000"
    },
    "done": true
  },
  "biomesoplenty:recipes/transportation/magic_boat": {
    "criteria": {
      "in_water": "2024-09-02 20:13:21 +0000"
    },
    "done": true
  },
  "pfm:recipes/furniture/jacaranda_biomesoplenty_kitchen_drawer": {
    "criteria": {
      "has_planks": "2024-09-02 19:26:10 +0000"
    },
    "done": true
  },
  "minecraft:recipes/building_blocks/hay_block": {
    "criteria": {
      "has_wheat": "2024-09-02 20:18:06 +0000"
    },
    "done": true
  },
  "minecraft:recipes/misc/leather_horse_armor": {
    "criteria": {
      "has_leather": "2024-09-02 19:46:35 +0000"
    },
    "done": true
  },
  "mcwtrpdoors:recipes/cherry/cherry_cottage_trapdoor": {
    "criteria": {
      "has_logs": "2024-09-02 19:49:17 +0000"
    },
    "done": true
  },
  "minecraft:recipes/redstone/target": {
    "criteria": {
      "has_hay_block": "2024-09-02 20:13:11 +0000"
    },
    "done": true
  },
  "pfm:recipes/furniture/cherry_raw_table_log": {
    "criteria": {
      "has_log": "2024-09-02 19:49:17 +0000"
    },
    "done": true
  },
  "cfm:recipes/decorations/lime_trampoline": {
    "criteria": {
      "has_iron": "2024-09-02 20:10:05 +0000"
    },
    "done": true
  },
  "mcwwindows:recipes/parapets": {
    "criteria": {
      "has_wood": "2024-09-02 19:26:49 +0000"
    },
    "done": true
  },
  "fairylights:recipes/fairylights/oil_lantern": {
    "criteria": {
      "has_iron": "2024-09-02 20:10:05 +0000"
    },
    "done": true
  },
  "cfm:recipes/decorations/stripped_mangrove_mail_box": {
    "criteria": {
      "has_chest": "2024-09-02 19:59:48 +0000"
    },
    "done": true
  },
  "pfm:recipes/furniture/red_arm_chair": {
    "criteria": {
      "has_wool": "2024-09-02 19:26:25 +0000"
    },
    "done": true
  },
  "tombstone:adventure/first_knowledge": {
    "criteria": {
      "coded_trigger": "2024-09-02 20:09:39 +0000"
    },
    "done": true
  },
  "fairylights:recipes/fairylights/orb_lantern": {
    "criteria": {
      "has_dye": "2024-09-02 20:00:26 +0000"
    },
    "done": true
  },
  "mcwbridges:recipes/oak_log_bridge_middle": {
    "criteria": {
      "has_planks": "2024-09-02 19:26:49 +0000"
    },
    "done": true
  },
  "mcwholidays:recipes/sitting_skeleton": {
    "criteria": {
      "has_planks": "2024-09-02 19:27:49 +0000"
    },
    "done": true
  },
  "mcwbridges:recipes/iron_bridge_pier": {
    "criteria": {
      "has_planks": "2024-09-02 20:10:05 +0000"
    },
    "done": true
  },
  "caupona:recipes/decorations/mud_kitchen_stove": {
    "criteria": {
      "has_cobblestone": "2024-09-02 19:32:25 +0000"
    },
    "done": true
  },
  "mcwholidays:recipes/standing_hay_bale": {
    "criteria": {
      "has_planks": "2024-09-02 20:13:11 +0000"
    },
    "done": true
  },
  "cfm:recipes/decorations/stripped_jungle_mail_box": {
    "criteria": {
      "has_chest": "2024-09-02 19:59:48 +0000"
    },
    "done": true
  },
  "pfm:recipes/furniture/arm_chair_leather": {
    "criteria": {
      "has_wool": "2024-09-02 19:26:25 +0000"
    },
    "done": true
  },
  "mcwwindows:recipes/birch": {
    "criteria": {
      "has_the_recipe": "2024-09-02 19:26:25 +0000"
    },
    "done": true
  },
  "morevillagers:recipes/gardening_table": {
    "criteria": {
      "has_flower": "2024-09-02 19:27:09 +0000"
    },
    "done": true
  },
  "pfm:recipes/furniture/oak_classic_stool": {
    "criteria": {
      "has_planks": "2024-09-02 19:26:49 +0000"
    },
    "done": true
  },
  "mcwtrpdoors:recipes/oak/oak_glass_trapdoor": {
    "criteria": {
      "has_logs": "2024-09-02 19:26:25 +0000"
    },
    "done": true
  },
  "another_furniture:recipes/acacia_drawer": {
    "criteria": {
      "has_planks": "2024-09-02 19:26:44 +0000"
    },
    "done": true
  },
  "mcwwindows:recipes/cherry": {
    "criteria": {
      "has_the_recipe": "2024-09-02 19:26:25 +0000"
    },
    "done": true
  },
  "minecraft:husbandry/breed_an_animal": {
    "criteria": {
      "bred": "2024-09-02 20:14:03 +0000"
    },
    "done": true
  },
  "bakery:recipes/iron_chair": {
    "criteria": {
      "has_iron_ingot": "2024-09-02 20:10:05 +0000"
    },
    "done": true
  },
  "fairylights:recipes/fairylights/jack_o_lantern": {
    "criteria": {
      "has_dye": "2024-09-02 20:00:26 +0000"
    },
    "done": true
  },
  "mcwtrpdoors:recipes/oak/oak_mystic_trapdoor": {
    "criteria": {
      "has_logs": "2024-09-02 19:26:25 +0000"
    },
    "done": true
  },
  "pfm:recipes/furniture/cherry_table_classic": {
    "criteria": {
      "has_planks": "2024-09-02 19:59:50 +0000"
    },
    "done": true
  },
  "cfm:recipes/decorations/white_grill": {
    "criteria": {
      "has_iron": "2024-09-02 20:10:05 +0000"
    },
    "done": true
  },
  "pfm:recipes/furniture/jacaranda_biomesoplenty_simple_stool": {
    "criteria": {
      "has_planks": "2024-09-02 19:26:10 +0000"
    },
    "done": true
  },
  "minecraft:recipes/redstone/hopper": {
    "criteria": {
      "has_iron_ingot": "2024-09-02 20:10:05 +0000"
    },
    "done": true
  },
  "cfm:recipes/decorations/yellow_trampoline": {
    "criteria": {
      "has_iron": "2024-09-02 20:10:05 +0000"
    },
    "done": true
  },
  "another_furniture:recipes/white_curtain": {
    "criteria": {
      "has_wool": "2024-09-02 19:45:35 +0000"
    },
    "done": true
  },
  "cfm:recipes/decorations/stripped_oak_mail_box": {
    "criteria": {
      "has_chest": "2024-09-02 19:59:48 +0000"
    },
    "done": true
  },
  "cfm:recipes/decorations/oak_upgraded_fence": {
    "criteria": {
      "has_log": "2024-09-02 19:26:25 +0000"
    },
    "done": true
  },
  "cfm:recipes/decorations/acacia_kitchen_drawer": {
    "criteria": {
      "has_chest": "2024-09-02 19:59:48 +0000"
    },
    "done": true
  },
  "another_furniture:recipes/spruce_drawer": {
    "criteria": {
      "has_planks": "2024-09-02 19:26:44 +0000"
    },
    "done": true
  },
  "cfm:recipes/decorations/cyan_cooler": {
    "criteria": {
      "has_chest": "2024-09-02 19:59:48 +0000"
    },
    "done": true
  },
  "sophisticatedbackpacks:recipes/misc/backpack": {
    "criteria": {
      "has_leather": "2024-09-02 19:46:35 +0000"
    },
    "done": true
  },
  "minecraft:recipes/food/cooked_beef_from_smoking": {
    "criteria": {
      "has_beef": "2024-09-02 19:46:31 +0000"
    },
    "done": true
  },
  "cfm:recipes/decorations/orange_trampoline": {
    "criteria": {
      "has_iron": "2024-09-02 20:10:05 +0000"
    },
    "done": true
  },
  "pfm:recipes/furniture/cherry_kitchen_counter_oven": {
    "criteria": {
      "has_planks": "2024-09-02 19:59:50 +0000"
    },
    "done": true
  },
  "minecraft:recipes/food/cooked_porkchop": {
    "criteria": {
      "has_porkchop": "2024-09-02 19:30:15 +0000"
    },
    "done": true
  },
  "minecraft:recipes/building_blocks/oak_slab": {
    "criteria": {
      "has_planks": "2024-09-02 19:26:49 +0000"
    },
    "done": true
  },
  "bakery:recipes/faucet": {
    "criteria": {
      "has_iron_ingot": "2024-09-02 20:10:05 +0000"
    },
    "done": true
  },
  "pfm:recipes/furniture/fir_biomesoplenty_raw_table_log": {
    "criteria": {
      "has_log": "2024-09-02 20:16:43 +0000"
    },
    "done": true
  },
  "minecraft:recipes/combat/iron_boots": {
    "criteria": {
      "has_iron_ingot": "2024-09-02 20:10:05 +0000"
    },
    "done": true
  },
  "fairylights:recipes/fairylights/flower_light": {
    "criteria": {
      "has_dye": "2024-09-02 20:00:26 +0000"
    },
    "done": true
  },
  "pfm:recipes/furniture/oak_raw_table_log": {
    "criteria": {
      "has_log": "2024-09-02 19:26:25 +0000"
    },
    "done": true
  },
  "pfm:recipes/furniture/oak_kitchen_drawer": {
    "criteria": {
      "has_planks": "2024-09-02 19:26:49 +0000"
    },
    "done": true
  },
  "minecraft:recipes/tools/stone_pickaxe": {
    "criteria": {
      "has_cobblestone": "2024-09-02 19:32:25 +0000"
    },
    "done": true
  },
  "mcwtrpdoors:recipes/cherry/cherry_barred_trapdoor": {
    "criteria": {
      "has_logs": "2024-09-02 19:49:17 +0000"
    },
    "done": true
  },
  "mcwtrpdoors:recipes/oak/oak_beach_trapdoor": {
    "criteria": {
      "has_logs": "2024-09-02 19:26:25 +0000"
    },
    "done": true
  },
  "fairylights:recipes/fairylights/icicle_lights": {
    "criteria": {
      "has_dye": "2024-09-02 20:00:26 +0000"
    },
    "done": true
  },
  "minecraft:recipes/decorations/lantern": {
    "criteria": {
      "has_iron_ingot": "2024-09-02 20:10:05 +0000"
    },
    "done": true
  },
  "minecraft:recipes/decorations/cherry_sign": {
    "criteria": {
      "has_planks": "2024-09-02 19:59:50 +0000"
    },
    "done": true
  },
  "cfm:recipes/decorations/crimson_mail_box": {
    "criteria": {
      "has_chest": "2024-09-02 19:59:48 +0000"
    },
    "done": true
  },
  "pfm:recipes/furniture/brown_simple_sofa": {
    "criteria": {
      "has_wool": "2024-09-02 19:26:25 +0000"
    },
    "done": true
  },
  "minecraft:recipes/decorations/campfire": {
    "criteria": {
      "has_stick": "2024-09-02 19:26:44 +0000"
    },
    "done": true
  },
  "cfm:recipes/decorations/gray_grill": {
    "criteria": {
      "has_iron": "2024-09-02 20:10:05 +0000"
    },
    "done": true
  },
  "cfm:recipes/decorations/red_kitchen_drawer": {
    "criteria": {
      "has_chest": "2024-09-02 19:59:48 +0000"
    },
    "done": true
  },
  "dungeons_arise:find_abandoned_temple": {
    "criteria": {
      "location0": "2024-09-02 20:07:24 +0000"
    },
    "done": true
  },
  "pfm:recipes/furniture/oak_kitchen_wall_counter": {
    "criteria": {
      "has_planks": "2024-09-02 19:26:49 +0000"
    },
    "done": true
  },
  "minecraft:recipes/tools/wooden_hoe": {
    "criteria": {
      "has_stick": "2024-09-02 19:26:44 +0000"
    },
    "done": true
  },
  "cfm:recipes/decorations/red_trampoline": {
    "criteria": {
      "has_iron": "2024-09-02 20:10:05 +0000"
    },
    "done": true
  },
  "bakery:recipes/rolling_pin": {
    "criteria": {
      "has_oak_planks": "2024-09-02 19:26:49 +0000"
    },
    "done": true
  },
  "tombstone:adventure/first_grave": {
    "criteria": {
      "coded_trigger": "2024-09-02 19:27:22 +0000"
    },
    "done": true
  },
  "minecraft:recipes/food/cooked_chicken_from_smoking": {
    "criteria": {
      "has_chicken": "2024-09-02 20:14:38 +0000"
    },
    "done": true
  },
  "minecraft:recipes/redstone/oak_fence_gate": {
    "criteria": {
      "has_planks": "2024-09-02 19:26:49 +0000"
    },
    "done": true
  },
  "cfm:recipes/decorations/jungle_kitchen_drawer": {
    "criteria": {
      "has_chest": "2024-09-02 19:59:48 +0000"
    },
    "done": true
  },
  "minecraft:husbandry/bred_all_animals": {
    "criteria": {
      "minecraft:chicken": "2024-09-02 20:14:03 +0000"
    },
    "done": false
  },
  "pfm:recipes/furniture/white_shower_towel": {
    "criteria": {
      "has_white_wool": "2024-09-02 19:45:35 +0000"
    },
    "done": true
  },
  "minecraft:recipes/misc/charcoal": {
    "criteria": {
      "has_log": "2024-09-02 19:25:58 +0000"
    },
    "done": true
  },
  "minecraft:recipes/redstone/cherry_pressure_plate": {
    "criteria": {
      "has_planks": "2024-09-02 19:59:50 +0000"
    },
    "done": true
  },
  "minecraft:recipes/tools/iron_shovel": {
    "criteria": {
      "has_iron_ingot": "2024-09-02 20:10:05 +0000"
    },
    "done": true
  },
  "fairylights:recipes/fairylights/witch_light": {
    "criteria": {
      "has_dye": "2024-09-02 20:00:26 +0000"
    },
    "done": true
  },
  "cfm:recipes/decorations/red_cooler": {
    "criteria": {
      "has_chest": "2024-09-02 19:59:48 +0000"
    },
    "done": true
  },
  "minecraft:recipes/decorations/item_frame": {
    "criteria": {
      "has_leather": "2024-09-02 19:46:35 +0000"
    },
    "done": true
  },
  "cfm:recipes/decorations/stripped_dark_oak_kitchen_drawer": {
    "criteria": {
      "has_chest": "2024-09-02 19:59:48 +0000"
    },
    "done": true
  },
  "cfm:recipes/decorations/oak_upgraded_gate": {
    "criteria": {
      "has_log": "2024-09-02 19:26:25 +0000"
    },
    "done": true
  },
  "mcwholidays:recipes/standing_rake": {
    "criteria": {
      "has_planks": "2024-09-02 19:26:44 +0000"
    },
    "done": true
  },
  "pfm:recipes/furniture/fir_biomesoplenty_log_stool": {
    "criteria": {
      "has_log": "2024-09-02 20:16:43 +0000"
    },
    "done": true
  },
  "fairylights:recipes/fairylights/fairy_light": {
    "criteria": {
      "has_dye": "2024-09-02 20:00:26 +0000"
    },
    "done": true
  },
  "cfm:recipes/decorations/crimson_kitchen_drawer": {
    "criteria": {
      "has_chest": "2024-09-02 19:59:48 +0000"
    },
    "done": true
  },
  "cfm:recipes/decorations/oak_desk": {
    "criteria": {
      "has_log": "2024-09-02 19:26:25 +0000"
    },
    "done": true
  },
  "cfm:recipes/decorations/magenta_grill": {
    "criteria": {
      "has_iron": "2024-09-02 20:10:05 +0000"
    },
    "done": true
  },
  "cfm:recipes/decorations/oak_blinds": {
    "criteria": {
      "has_log": "2024-09-02 19:26:25 +0000"
    },
    "done": true
  },
  "pfm:recipes/furniture/cyan_arm_chair": {
    "criteria": {
      "has_wool": "2024-09-02 19:26:25 +0000"
    },
    "done": true
  },
  "cfm:recipes/decorations/acacia_mail_box": {
    "criteria": {
      "has_chest": "2024-09-02 19:59:48 +0000"
    },
    "done": true
  },
  "pfm:recipes/furniture/cherry_kitchen_wall_drawer": {
    "criteria": {
      "has_planks": "2024-09-02 19:59:50 +0000"
    },
    "done": true
  },
  "fairylights:recipes/fairylights/spearhead_pennant": {
    "criteria": {
      "has_string": "2024-09-02 19:27:03 +0000"
    },
    "done": true
  },
  "mcwtrpdoors:recipes/oak/oak_blossom_trapdoor": {
    "criteria": {
      "has_plankss": "2024-09-02 19:26:49 +0000"
    },
    "done": true
  },
  "cfm:recipes/decorations/pink_grill": {
    "criteria": {
      "has_iron": "2024-09-02 20:10:05 +0000"
    },
    "done": true
  },
  "minecraft:recipes/redstone/oak_door": {
    "criteria": {
      "has_planks": "2024-09-02 19:26:49 +0000"
    },
    "done": true
  },
  "mcwholidays:recipes/ghost_balloon": {
    "criteria": {
      "has_planks": "2024-09-02 19:45:35 +0000"
    },
    "done": true
  },
  "cfm:recipes/decorations/pink_cooler": {
    "criteria": {
      "has_chest": "2024-09-02 19:59:48 +0000"
    },
    "done": true
  },
  "pfm:recipes/furniture/white_arm_chair": {
    "criteria": {
      "has_wool": "2024-09-02 19:26:25 +0000"
    },
    "done": true
  },
  "mcwwindows:recipes/spruce": {
    "criteria": {
      "has_the_recipe": "2024-09-02 19:26:25 +0000"
    },
    "done": true
  },
  "minecraft:recipes/food/cooked_porkchop_from_grill_cooking": {
    "criteria": {
      "has_porkchop": "2024-09-02 19:30:15 +0000"
    },
    "done": true
  },
  "mcwtrpdoors:recipes/metal/metal_full_trapdoor": {
    "criteria": {
      "has_logs": "2024-09-02 20:10:05 +0000"
    },
    "done": true
  },
  "cfm:recipes/decorations/gray_trampoline": {
    "criteria": {
      "has_iron": "2024-09-02 20:10:05 +0000"
    },
    "done": true
  },
  "cfm:recipes/decorations/brown_trampoline": {
    "criteria": {
      "has_iron": "2024-09-02 20:10:05 +0000"
    },
    "done": true
  },
  "minecraft:recipes/tools/wooden_shovel": {
    "criteria": {
      "has_stick": "2024-09-02 19:26:44 +0000"
    },
    "done": true
  },
  "another_furniture:recipes/cherry_drawer": {
    "criteria": {
      "has_planks": "2024-09-02 19:26:44 +0000"
    },
    "done": true
  },
  "pfm:recipes/furniture/jacaranda_biomesoplenty_kitchen_counter": {
    "criteria": {
      "has_planks": "2024-09-02 19:26:10 +0000"
    },
    "done": true
  },
  "minecraft:recipes/redstone/dispenser": {
    "criteria": {
      "has_bow": "2024-09-02 20:11:45 +0000"
    },
    "done": true
  },
  "scalinghealth:recipes/misc/heart_dust": {
    "criteria": {
      "cobblestone": "2024-09-02 19:32:25 +0000"
    },
    "done": true
  },
  "pfm:recipes/furniture/black_arm_chair": {
    "criteria": {
      "has_wool": "2024-09-02 19:26:25 +0000"
    },
    "done": true
  },
  "minecraft:recipes/building_blocks/cobblestone_slab": {
    "criteria": {
      "has_cobblestone": "2024-09-02 19:32:25 +0000"
    },
    "done": true
  },
  "pfm:recipes/furniture/purple_arm_chair": {
    "criteria": {
      "has_wool": "2024-09-02 19:26:25 +0000"
    },
    "done": true
  },
  "another_furniture:recipes/bamboo_drawer": {
    "criteria": {
      "has_planks": "2024-09-02 19:26:44 +0000"
    },
    "done": true
  },
  "cfm:recipes/decorations/black_grill": {
    "criteria": {
      "has_iron": "2024-09-02 20:10:05 +0000"
    },
    "done": true
  },
  "mcwbridges:recipes/iron_bridge": {
    "criteria": {
      "has_planks": "2024-09-02 20:10:05 +0000"
    },
    "done": true
  },
  "cfm:recipes/decorations/jungle_mail_box": {
    "criteria": {
      "has_chest": "2024-09-02 19:59:48 +0000"
    },
    "done": true
  },
  "biomesoplenty:recipes/building_blocks/fir_wood": {
    "criteria": {
      "has_log": "2024-09-02 20:16:43 +0000"
    },
    "done": true
  },
  "minecraft:recipes/transportation/acacia_boat": {
    "criteria": {
      "in_water": "2024-09-02 20:13:21 +0000"
    },
    "done": true
  },
  "minecraft:recipes/redstone/iron_trapdoor": {
    "criteria": {
      "has_iron_ingot": "2024-09-02 20:10:05 +0000"
    },
    "done": true
  },
  "cfm:recipes/decorations/green_cooler": {
    "criteria": {
      "has_chest": "2024-09-02 19:59:48 +0000"
    },
    "done": true
  },
  "minecraft:adventure/root": {
    "criteria": {
      "killed_something": "2024-09-02 19:26:59 +0000"
    },
    "done": true
  },
  "mcwtrpdoors:recipes/cherry/cherry_mystic_trapdoor": {
    "criteria": {
      "has_logs": "2024-09-02 19:49:17 +0000"
    },
    "done": true
  },
  "cfm:recipes/decorations/stripped_crimson_mail_box": {
    "criteria": {
      "has_chest": "2024-09-02 19:59:48 +0000"
    },
    "done": true
  },
  "pfm:recipes/furniture/oak_table_dinner": {
    "criteria": {
      "has_planks": "2024-09-02 19:26:49 +0000"
    },
    "done": true
  },
  "cfm:recipes/decorations/oak_table": {
    "criteria": {
      "has_log": "2024-09-02 19:26:25 +0000"
    },
    "done": true
  },
  "minecraft:recipes/misc/iron_ingot_from_blasting_raw_iron": {
    "criteria": {
      "has_raw_iron": "2024-09-02 20:15:37 +0000"
    },
    "done": true
  },
  "mcwtrpdoors:recipes/oak/oak_cottage_trapdoor": {
    "criteria": {
      "has_logs": "2024-09-02 19:26:25 +0000"
    },
    "done": true
  },
  "minecraft:recipes/combat/wooden_sword": {
    "criteria": {
      "has_stick": "2024-09-02 19:26:44 +0000"
    },
    "done": true
  },
  "minecraft:recipes/building_blocks/oak_planks": {
    "criteria": {
      "has_logs": "2024-09-02 19:26:25 +0000"
    },
    "done": true
  },
  "cfm:recipes/decorations/purple_kitchen_drawer": {
    "criteria": {
      "has_chest": "2024-09-02 19:59:48 +0000"
    },
    "done": true
  },
  "cfm:recipes/decorations/green_kitchen_drawer": {
    "criteria": {
      "has_chest": "2024-09-02 19:59:48 +0000"
    },
    "done": true
  },
  "biomesoplenty:recipes/redstone/jacaranda_pressure_plate": {
    "criteria": {
      "has_planks": "2024-09-02 19:26:10 +0000"
    },
    "done": true
  },
  "mcwtrpdoors:recipes/cherry/cherry_classic_trapdoor": {
    "criteria": {
      "has_logs": "2024-09-02 19:49:17 +0000"
    },
    "done": true
  },
  "cfm:recipes/decorations/blue_kitchen_drawer": {
    "criteria": {
      "has_chest": "2024-09-02 19:59:48 +0000"
    },
    "done": true
  },
  "minecraft:recipes/combat/crossbow": {
    "criteria": {
      "has_string": "2024-09-02 19:27:03 +0000"
    },
    "done": true
  },
  "pfm:recipes/furniture/oak_chair_classic": {
    "criteria": {
      "has_planks": "2024-09-02 19:26:49 +0000"
    },
    "done": true
  },
  "minecraft:recipes/food/cooked_porkchop_from_smoking": {
    "criteria": {
      "has_porkchop": "2024-09-02 19:30:15 +0000"
    },
    "done": true
  },
  "tombstone:recipes/from_grave_dust": {
    "criteria": {
      "has_ingredient": "2024-09-02 20:11:02 +0000"
    },
    "done": true
  },
  "cfm:recipes/decorations/light_blue_trampoline": {
    "criteria": {
      "has_iron": "2024-09-02 20:10:05 +0000"
    },
    "done": true
  },
  "minecraft:recipes/decorations/barrel": {
    "criteria": {
      "has_planks": "2024-09-02 19:26:10 +0000"
    },
    "done": true
  },
  "minecraft:recipes/combat/leather_boots": {
    "criteria": {
      "has_leather": "2024-09-02 19:46:35 +0000"
    },
    "done": true
  },
  "minecraft:recipes/decorations/cobblestone_wall_from_cobblestone_stonecutting": {
    "criteria": {
      "has_cobblestone": "2024-09-02 19:32:25 +0000"
    },
    "done": true
  },
  "cfm:recipes/decorations/lime_cooler": {
    "criteria": {
      "has_chest": "2024-09-02 19:59:48 +0000"
    },
    "done": true
  },
  "mcwwindows:recipes/stone": {
    "criteria": {
      "has_the_recipe": "2024-09-02 19:26:25 +0000"
    },
    "done": true
  },
  "pfm:recipes/furniture/kitchen_stovetop": {
    "criteria": {
      "has_iron_ingot": "2024-09-02 20:10:05 +0000"
    },
    "done": true
  },
  "minecraft:recipes/decorations/white_bed": {
    "criteria": {
      "has_white_wool": "2024-09-02 19:45:35 +0000"
    },
    "done": true
  },
  "biomesoplenty:recipes/building_blocks/jacaranda_wood": {
    "criteria": {
      "has_log": "2024-09-02 19:25:58 +0000"
    },
    "done": true
  },
  "mcwtrpdoors:recipes/oak/oak_barn_trapdoor": {
    "criteria": {
      "has_logs": "2024-09-02 19:26:25 +0000"
    },
    "done": true
  },
  "minecraft:recipes/misc/firework_rocket_simple": {
    "criteria": {
      "has_gunpowder": "2024-09-02 19:55:22 +0000"
    },
    "done": true
  },
  "cfm:recipes/decorations/white_kitchen_drawer": {
    "criteria": {
      "has_chest": "2024-09-02 19:59:48 +0000"
    },
    "done": true
  },
  "biomesoplenty:recipes/redstone/jacaranda_door": {
    "criteria": {
      "has_planks": "2024-09-02 19:26:10 +0000"
    },
    "done": true
  },
  "minecraft:recipes/building_blocks/cobblestone_stairs": {
    "criteria": {
      "has_cobblestone": "2024-09-02 19:32:25 +0000"
    },
    "done": true
  },
  "mcwwindows:recipes/crimson": {
    "criteria": {
      "has_the_recipe": "2024-09-02 19:26:25 +0000"
    },
    "done": true
  },
  "mcwbridges:recipes/asian_red_bridge_pier": {
    "criteria": {
      "has_planks": "2024-09-02 19:26:49 +0000"
    },
    "done": true
  },
  "mcwholidays:recipes/ghost": {
    "criteria": {
      "has_planks": "2024-09-02 19:45:35 +0000"
    },
    "done": true
  },
  "minecraft:recipes/redstone/cherry_door": {
    "criteria": {
      "has_planks": "2024-09-02 19:59:50 +0000"
    },
    "done": true
  },
  "fairylights:recipes/fairylights/swallowtail_pennant": {
    "criteria": {
      "has_string": "2024-09-02 19:27:03 +0000"
    },
    "done": true
  },
  "biomesoplenty:recipes/building_blocks/fir_planks": {
    "criteria": {
      "has_logs": "2024-09-02 20:16:43 +0000"
    },
    "done": true
  },
  "pfm:recipes/furniture/cherry_simple_bunk_ladder": {
    "criteria": {
      "has_planks": "2024-09-02 19:59:50 +0000"
    },
    "done": true
  },
  "mcwtrpdoors:recipes/oak/oak_barred_trapdoor": {
    "criteria": {
      "has_logs": "2024-09-02 19:26:25 +0000"
    },
    "done": true
  },
  "bakery:recipes/wall_cabinet": {
    "criteria": {
      "has_oak_planks": "2024-09-02 19:26:49 +0000"
    },
    "done": true
  },
  "mcwtrpdoors:recipes/cherry/cherry_paper_trapdoor": {
    "criteria": {
      "has_logs": "2024-09-02 19:49:17 +0000"
    },
    "done": true
  },
  "cfm:recipes/decorations/stripped_crimson_kitchen_drawer": {
    "criteria": {
      "has_chest": "2024-09-02 19:59:48 +0000"
    },
    "done": true
  },
  "fairylights:recipes/fairylights/ghost_light": {
    "criteria": {
      "has_dye": "2024-09-02 20:00:26 +0000"
    },
    "done": true
  },
  "bakery:recipes/chocolate_box": {
    "criteria": {
      "has_oak_planks": "2024-09-02 19:26:49 +0000"
    },
    "done": true
  },
  "cfm:recipes/decorations/warped_mail_box": {
    "criteria": {
      "has_chest": "2024-09-02 19:59:48 +0000"
    },
    "done": true
  },
  "minecraft:recipes/tools/stone_shovel": {
    "criteria": {
      "has_cobblestone": "2024-09-02 19:32:25 +0000"
    },
    "done": true
  },
  "pfm:recipes/furniture/jacaranda_biomesoplenty_chair_dinner": {
    "criteria": {
      "has_planks": "2024-09-02 19:26:10 +0000"
    },
    "done": true
  },
  "minecraft:recipes/building_blocks/oak_wood": {
    "criteria": {
      "has_log": "2024-09-02 19:26:25 +0000"
    },
    "done": true
  },
  "pfm:recipes/furniture/cyan_simple_sofa": {
    "criteria": {
      "has_wool": "2024-09-02 19:26:25 +0000"
    },
    "done": true
  },
  "minecraft:recipes/food/cooked_beef": {
    "criteria": {
      "has_beef": "2024-09-02 19:46:31 +0000"
    },
    "done": true
  },
  "pfm:recipes/furniture/iron_fridge": {
    "criteria": {
      "has_iron_ingot": "2024-09-02 20:10:05 +0000"
    },
    "done": true
  },
  "cfm:recipes/decorations/stripped_oak_desk": {
    "criteria": {
      "has_planks": "2024-09-02 19:26:25 +0000"
    },
    "done": true
  },
  "minecraft:recipes/transportation/jungle_boat": {
    "criteria": {
      "in_water": "2024-09-02 20:13:21 +0000"
    },
    "done": true
  },
  "scalinghealth:recipes/misc/power_crystal": {
    "criteria": {
      "cobblestone": "2024-09-02 19:32:25 +0000"
    },
    "done": true
  },
  "mcwwindows:recipes/jungle": {
    "criteria": {
      "has_the_recipe": "2024-09-02 19:26:25 +0000"
    },
    "done": true
  },
  "cfm:recipes/decorations/door_mat": {
    "criteria": {
      "has_wheat": "2024-09-02 20:18:06 +0000"
    },
    "done": true
  },
  "minecraft:recipes/redstone/heavy_weighted_pressure_plate": {
    "criteria": {
      "has_iron_ingot": "2024-09-02 20:10:05 +0000"
    },
    "done": true
  },
  "cfm:recipes/decorations/magenta_cooler": {
    "criteria": {
      "has_chest": "2024-09-02 19:59:48 +0000"
    },
    "done": true
  },
  "pfm:recipes/furniture/cherry_kitchen_sink": {
    "criteria": {
      "has_planks": "2024-09-02 19:59:50 +0000"
    },
    "done": true
  },
  "cfm:recipes/decorations/stripped_oak_crate": {
    "criteria": {
      "has_planks": "2024-09-02 19:26:25 +0000"
    },
    "done": true
  },
  "cfm:recipes/decorations/gray_cooler": {
    "criteria": {
      "has_chest": "2024-09-02 19:59:48 +0000"
    },
    "done": true
  },
  "mcwtrpdoors:recipes/cherry/cherry_tropical_trapdoor": {
    "criteria": {
      "has_logs": "2024-09-02 19:49:17 +0000"
    },
    "done": true
  },
  "minecraft:recipes/redstone/lever": {
    "criteria": {
      "has_cobblestone": "2024-09-02 19:32:25 +0000"
    },
    "done": true
  },
  "cfm:recipes/decorations/oak_kitchen_counter": {
    "criteria": {
      "has_log": "2024-09-02 19:26:25 +0000"
    },
    "done": true
  },
  "pfm:recipes/furniture/yellow_arm_chair": {
    "criteria": {
      "has_wool": "2024-09-02 19:26:25 +0000"
    },
    "done": true
  },
  "pfm:recipes/furniture/oak_table_modern_dinner": {
    "criteria": {
      "has_planks": "2024-09-02 19:26:49 +0000"
    },
    "done": true
  },
  "fairylights:recipes/fairylights/candle_lantern": {
    "criteria": {
      "has_iron": "2024-09-02 20:10:05 +0000"
    },
    "done": true
  },
  "minecraft:recipes/food/cake": {
    "criteria": {
      "has_egg": "2024-09-02 20:13:32 +0000"
    },
    "done": true
  },
  "minecraft:recipes/combat/iron_leggings": {
    "criteria": {
      "has_iron_ingot": "2024-09-02 20:10:05 +0000"
    },
    "done": true
  },
  "fairylights:recipes/fairylights/tinsel_garland": {
    "criteria": {
      "has_string": "2024-09-02 19:27:03 +0000"
    },
    "done": true
  },
  "cfm:recipes/decorations/stripped_oak_kitchen_counter": {
    "criteria": {
      "has_log": "2024-09-02 19:26:25 +0000"
    },
    "done": true
  },
  "bakery:recipes/small_cooking_pot": {
    "criteria": {
      "has_iron_ingot": "2024-09-02 20:10:05 +0000"
    },
    "done": true
  },
  "minecraft:recipes/combat/leather_leggings": {
    "criteria": {
      "has_leather": "2024-09-02 19:46:35 +0000"
    },
    "done": true
  },
  "cfm:recipes/decorations/stripped_jungle_kitchen_drawer": {
    "criteria": {
      "has_chest": "2024-09-02 19:59:48 +0000"
    },
    "done": true
  },
  "minecraft:story/obtain_armor": {
    "criteria": {
      "iron_leggings": "2024-09-02 20:10:27 +0000"
    },
    "done": true
  },
  "minecraft:recipes/building_blocks/cherry_slab": {
    "criteria": {
      "has_planks": "2024-09-02 19:59:50 +0000"
    },
    "done": true
  },
  "pfm:recipes/furniture/oak_chair_dinner": {
    "criteria": {
      "has_planks": "2024-09-02 19:26:49 +0000"
    },
    "done": true
  },
  "cfm:recipes/decorations/yellow_kitchen_drawer": {
    "criteria": {
      "has_chest": "2024-09-02 19:59:48 +0000"
    },
    "done": true
  },
  "minecraft:recipes/misc/iron_nugget_from_smelting": {
    "criteria": {
      "has_iron_sword": "2024-09-02 20:09:59 +0000"
    },
    "done": true
  },
  "cfm:recipes/decorations/stripped_oak_table": {
    "criteria": {
      "has_planks": "2024-09-02 19:26:25 +0000"
    },
    "done": true
  },
  "minecraft:recipes/food/baked_potato_from_campfire_cooking": {
    "criteria": {
      "has_potato": "2024-09-02 20:17:49 +0000"
    },
    "done": true
  },
  "pfm:recipes/furniture/iron_microwave": {
    "criteria": {
      "has_iron_ingot": "2024-09-02 20:10:05 +0000"
    },
    "done": true
  },
  "minecraft:recipes/food/cooked_chicken_from_grill_cooking": {
    "criteria": {
      "has_chicken": "2024-09-02 20:14:38 +0000"
    },
    "done": true
  },
  "mcwholidays:recipes/happy_ghost": {
    "criteria": {
      "has_planks": "2024-09-02 19:45:35 +0000"
    },
    "done": true
  },
  "pfm:recipes/furniture/cherry_kitchen_drawer": {
    "criteria": {
      "has_planks": "2024-09-02 19:59:50 +0000"
    },
    "done": true
  },
  "minecraft:story/iron_tools": {
    "criteria": {
      "iron_pickaxe": "2024-09-02 20:10:04 +0000"
    },
    "done": true
  },
  "minecraft:recipes/combat/iron_chestplate": {
    "criteria": {
      "has_iron_ingot": "2024-09-02 20:10:05 +0000"
    },
    "done": true
  },
  "mcwbridges:recipes/cherry_log_bridge_middle": {
    "criteria": {
      "has_planks": "2024-09-02 19:59:50 +0000"
    },
    "done": true
  },
  "minecraft:recipes/redstone/oak_trapdoor": {
    "criteria": {
      "has_planks": "2024-09-02 19:26:49 +0000"
    },
    "done": true
  },
  "mcwtrpdoors:recipes/cherry/cherry_swamp_trapdoor": {
    "criteria": {
      "has_logs": "2024-09-02 19:49:17 +0000",
      "has_the_recipe": "2024-09-02 19:49:17 +0000"
    },
    "done": true
  },
  "cfm:recipes/decorations/stripped_oak_desk_cabinet": {
    "criteria": {
      "has_planks": "2024-09-02 19:26:25 +0000"
    },
    "done": true
  },
  "cfm:recipes/decorations/birch_kitchen_drawer": {
    "criteria": {
      "has_chest": "2024-09-02 19:59:48 +0000"
    },
    "done": true
  },
  "pfm:recipes/furniture/light_gray_arm_chair": {
    "criteria": {
      "has_wool": "2024-09-02 19:26:25 +0000"
    },
    "done": true
  },
  "minecraft:recipes/combat/stone_sword": {
    "criteria": {
      "has_cobblestone": "2024-09-02 19:32:25 +0000"
    },
    "done": true
  },
  "biomesoplenty:recipes/decorations/jacaranda_fence": {
    "criteria": {
      "has_planks": "2024-09-02 19:26:10 +0000"
    },
    "done": true
  },
  "minecraft:recipes/decorations/cobblestone_wall": {
    "criteria": {
      "has_cobblestone": "2024-09-02 19:32:25 +0000"
    },
    "done": true
  },
  "mcwwindows:recipes/oak": {
    "criteria": {
      "has_wood": "2024-09-02 19:26:25 +0000"
    },
    "done": true
  },
  "pfm:recipes/furniture/green_arm_chair": {
    "criteria": {
      "has_wool": "2024-09-02 19:26:25 +0000"
    },
    "done": true
  },
  "minecraft:recipes/misc/gold_nugget_from_smelting": {
    "criteria": {
      "has_golden_sword": "2024-09-02 19:28:32 +0000"
    },
    "done": true
  },
  "minecraft:recipes/food/cooked_chicken": {
    "criteria": {
      "has_chicken": "2024-09-02 20:14:38 +0000"
    },
    "done": true
  },
  "minecraft:recipes/tools/stone_axe": {
    "criteria": {
      "has_cobblestone": "2024-09-02 19:32:25 +0000"
    },
    "done": true
  },
  "bakery:recipes/kitchen_sink": {
    "criteria": {
      "has_iron_ingot": "2024-09-02 20:10:05 +0000"
    },
    "done": true
  },
  "mcwbridges:recipes/cherry_bridge_pier": {
    "criteria": {
      "has_planks": "2024-09-02 19:49:17 +0000"
    },
    "done": true
  },
  "pfm:recipes/furniture/oak_kitchen_counter": {
    "criteria": {
      "has_planks": "2024-09-02 19:26:49 +0000"
    },
    "done": true
  },
  "minecraft:recipes/misc/iron_nugget": {
    "criteria": {
      "has_iron_ingot": "2024-09-02 20:10:05 +0000"
    },
    "done": true
  },
  "cfm:recipes/decorations/oak_bedside_cabinet": {
    "criteria": {
      "has_log": "2024-09-02 19:26:25 +0000"
    },
    "done": true
  },
  "another_furniture:recipes/cherry_chair": {
    "criteria": {
      "has_planks": "2024-09-02 19:59:50 +0000"
    },
    "done": true
  },
  "cfm:recipes/decorations/light_gray_grill": {
    "criteria": {
      "has_iron": "2024-09-02 20:10:05 +0000"
    },
    "done": true
  },
  "cfm:recipes/decorations/green_grill": {
    "criteria": {
      "has_iron": "2024-09-02 20:10:05 +0000"
    },
    "done": true
  },
  "minecraft:recipes/misc/bucket": {
    "criteria": {
      "has_iron_ingot": "2024-09-02 20:10:05 +0000"
    },
    "done": true
  },
  "pfm:recipes/furniture/lime_arm_chair": {
    "criteria": {
      "has_wool": "2024-09-02 19:26:25 +0000"
    },
    "done": true
  },
  "minecraft:recipes/combat/bow": {
    "criteria": {
      "has_string": "2024-09-02 19:27:03 +0000"
    },
    "done": true
  },
  "bakery:recipes/sandwich": {
    "criteria": {
      "has_bread": "2024-09-02 20:18:08 +0000"
    },
    "done": true
  },
  "mcwtrpdoors:recipes/cherry/cherry_barrel_trapdoor": {
    "criteria": {
      "has_logs": "2024-09-02 19:49:17 +0000"
    },
    "done": true
  },
  "minecraft:recipes/transportation/minecart": {
    "criteria": {
      "has_iron_ingot": "2024-09-02 20:10:05 +0000"
    },
    "done": true
  },
  "minecraft:recipes/tools/iron_hoe": {
    "criteria": {
      "has_iron_ingot": "2024-09-02 20:10:05 +0000"
    },
    "done": true
  },
  "cfm:recipes/decorations/stripped_oak_bedside_cabinet": {
    "criteria": {
      "has_planks": "2024-09-02 19:26:25 +0000"
    },
    "done": true
  },
  "cfm:recipes/tools/spatula": {
    "criteria": {
      "has_iron": "2024-09-02 20:10:05 +0000"
    },
    "done": true
  },
  "pfm:recipes/furniture/light_gray_simple_sofa": {
    "criteria": {
      "has_wool": "2024-09-02 19:26:25 +0000"
    },
    "done": true
  },
  "cfm:recipes/decorations/dye_purple_picket_gate": {
    "criteria": {
      "has_dye": "2024-09-02 20:00:26 +0000"
    },
    "done": true
  },
  "cfm:recipes/decorations/pink_trampoline": {
    "criteria": {
      "has_iron": "2024-09-02 20:10:05 +0000"
    },
    "done": true
  },
  "minecraft:recipes/food/baked_potato": {
    "criteria": {
      "has_potato": "2024-09-02 20:17:49 +0000"
    },
    "done": true
  },
  "pfm:recipes/furniture/jacaranda_biomesoplenty_classic_nightstand": {
    "criteria": {
      "has_planks": "2024-09-02 19:26:10 +0000"
    },
    "done": true
  },
  "pfm:recipes/furniture/cherry_kitchen_cabinet": {
    "criteria": {
      "has_planks": "2024-09-02 19:59:50 +0000"
    },
    "done": true
  },
  "pfm:recipes/furniture/cherry_classic_nightstand": {
    "criteria": {
      "has_planks": "2024-09-02 19:59:50 +0000"
    },
    "done": true
  },
  "alexsmobs:alexsmobs/root": {
    "criteria": {
      "useitem": "2024-09-02 19:33:04 +0000"
    },
    "done": true
  },
  "biomesoplenty:recipes/redstone/jacaranda_button": {
    "criteria": {
      "has_planks": "2024-09-02 19:26:10 +0000"
    },
    "done": true
  },
  "immersive_armors:recipes/misc/wooden": {
    "criteria": {
      "has_item": "2024-09-02 19:25:58 +0000"
    },
    "done": true
  },
  "pfm:recipes/furniture/cherry_chair_dinner": {
    "criteria": {
      "has_planks": "2024-09-02 19:59:50 +0000"
    },
    "done": true
  },
  "mcwpaths:recipes/oak": {
    "criteria": {
      "has_wood": "2024-09-02 19:26:49 +0000"
    },
    "done": true
  },
  "minecraft:recipes/decorations/painting": {
    "criteria": {
      "has_wool": "2024-09-02 19:45:35 +0000"
    },
    "done": true
  },
  "minecraft:recipes/combat/arrow": {
    "criteria": {
      "has_flint": "2024-09-02 19:28:33 +0000"
    },
    "done": true
  },
  "fairylights:recipes/fairylights/moon_light": {
    "criteria": {
      "has_dye": "2024-09-02 20:00:26 +0000"
    },
    "done": true
  },
  "cfm:recipes/decorations/oak_mail_box": {
    "criteria": {
      "has_chest": "2024-09-02 19:59:48 +0000"
    },
    "done": true
  },
  "mcwtrpdoors:recipes/cherry/cherry_barn_trapdoor": {
    "criteria": {
      "has_logs": "2024-09-02 19:49:17 +0000"
    },
    "done": true
  },
  "fairylights:recipes/fairylights/candle_lantern_light": {
    "criteria": {
      "has_dye": "2024-09-02 20:00:26 +0000"
    },
    "done": true
  },
  "minecraft:recipes/building_blocks/cherry_stairs": {
    "criteria": {
      "has_planks": "2024-09-02 19:59:50 +0000"
    },
    "done": true
  },
  "mcwwindows:recipes/blackstone": {
    "criteria": {
      "has_the_recipe": "2024-09-02 19:26:25 +0000"
    },
    "done": true
  },
  "cfm:recipes/decorations/magenta_kitchen_drawer": {
    "criteria": {
      "has_chest": "2024-09-02 19:59:48 +0000"
    },
    "done": true
  },
  "fairylights:recipes/fairylights/letter_bunting": {
    "criteria": {
      "has_string": "2024-09-02 19:27:03 +0000"
    },
    "done": true
  },
  "cfm:recipes/decorations/oak_chair": {
    "criteria": {
      "has_log": "2024-09-02 19:26:25 +0000"
    },
    "done": true
  },
  "pfm:recipes/furniture/jacaranda_biomesoplenty_raw_table_log": {
    "criteria": {
      "has_log": "2024-09-02 19:25:58 +0000"
    },
    "done": true
  },
  "cfm:recipes/decorations/purple_grill": {
    "criteria": {
      "has_iron": "2024-09-02 20:10:05 +0000"
    },
    "done": true
  },
  "pfm:recipes/furniture/jacaranda_biomesoplenty_log_stool": {
    "criteria": {
      "has_log": "2024-09-02 19:25:58 +0000"
    },
    "done": true
  },
  "mcwtrpdoors:recipes/oak/oak_tropical_trapdoor": {
    "criteria": {
      "has_logs": "2024-09-02 19:26:25 +0000"
    },
    "done": true
  },
  "minecraft:story/smelt_iron": {
    "criteria": {
      "iron": "2024-09-02 20:10:05 +0000"
    },
    "done": true
  },
  "minecraft:recipes/tools/fishing_rod": {
    "criteria": {
      "has_string": "2024-09-02 19:27:03 +0000"
    },
    "done": true
  },
  "minecraft:recipes/decorations/smoker": {
    "criteria": {
      "has_furnace": "2024-09-02 19:33:57 +0000"
    },
    "done": true
  },
  "cfm:recipes/decorations/stripped_warped_mail_box": {
    "criteria": {
      "has_chest": "2024-09-02 19:59:48 +0000"
    },
    "done": true
  },
  "pfm:recipes/furniture/oak_modern_stool": {
    "criteria": {
      "has_planks": "2024-09-02 19:26:49 +0000"
    },
    "done": true
  },
  "cfm:recipes/decorations/stripped_oak_cabinet": {
    "criteria": {
      "has_log": "2024-09-02 19:26:25 +0000"
    },
    "done": true
  },
  "cfm:recipes/decorations/purple_cooler": {
    "criteria": {
      "has_chest": "2024-09-02 19:59:48 +0000"
    },
    "done": true
  },
  "minecraft:recipes/building_blocks/emerald_block": {
    "criteria": {
      "has_emerald": "2024-09-02 20:17:50 +0000"
    },
    "done": true
  },
  "biomesoplenty:recipes/transportation/fir_boat": {
    "criteria": {
      "in_water": "2024-09-02 20:13:21 +0000"
    },
    "done": true
  },
  "mcwtrpdoors:recipes/cherry/cherry_beach_trapdoor": {
    "criteria": {
      "has_logs": "2024-09-02 19:49:17 +0000"
    },
    "done": true
  },
  "cfm:recipes/decorations/black_cooler": {
    "criteria": {
      "has_chest": "2024-09-02 19:59:48 +0000"
    },
    "done": true
  },
  "minecraft:recipes/building_blocks/oak_stairs": {
    "criteria": {
      "has_planks": "2024-09-02 19:26:49 +0000"
    },
    "done": true
  },
  "biomesoplenty:recipes/building_blocks/jacaranda_planks": {
    "criteria": {
      "has_logs": "2024-09-02 19:25:58 +0000"
    },
    "done": true
  },
  "pfm:recipes/furniture/yellow_simple_sofa": {
    "criteria": {
      "has_wool": "2024-09-02 19:26:25 +0000"
    },
    "done": true
  },
  "minecraft:recipes/redstone/cherry_trapdoor": {
    "criteria": {
      "has_planks": "2024-09-02 19:59:50 +0000"
    },
    "done": true
  },
  "minecraft:recipes/decorations/chain": {
    "criteria": {
      "has_iron_ingot": "2024-09-02 20:10:05 +0000"
    },
    "done": true
  },
  "minecraft:recipes/decorations/oak_fence": {
    "criteria": {
      "has_planks": "2024-09-02 19:26:49 +0000"
    },
    "done": true
  },
  "minecraft:recipes/redstone/cherry_button": {
    "criteria": {
      "has_planks": "2024-09-02 19:59:50 +0000"
    },
    "done": true
  },
  "minecraft:recipes/food/cooked_porkchop_from_campfire_cooking": {
    "criteria": {
      "has_porkchop": "2024-09-02 19:30:15 +0000"
    },
    "done": true
  },
  "bakery:recipes/street_sign": {
    "criteria": {
      "has_oak_planks": "2024-09-02 19:26:49 +0000"
    },
    "done": true
  },
  "pfm:recipes/furniture/jacaranda_biomesoplenty_kitchen_wall_counter": {
    "criteria": {
      "has_planks": "2024-09-02 19:26:10 +0000"
    },
    "done": true
  },
  "fairylights:recipes/fairylights/snowflake_light": {
    "criteria": {
      "has_dye": "2024-09-02 20:00:26 +0000"
    },
    "done": true
  },
  "pfm:recipes/furniture/cherry_kitchen_wall_counter": {
    "criteria": {
      "has_planks": "2024-09-02 19:59:50 +0000"
    },
    "done": true
  },
  "minecraft:recipes/misc/bone_meal": {
    "criteria": {
      "has_bone": "2024-09-02 19:27:49 +0000"
    },
    "done": true
  },
  "pfm:recipes/furniture/jacaranda_biomesoplenty_table_modern_dinner": {
    "criteria": {
      "has_planks": "2024-09-02 19:26:10 +0000"
    },
    "done": true
  },
  "fairylights:recipes/fairylights/heart_light": {
    "criteria": {
      "has_dye": "2024-09-02 20:00:26 +0000"
    },
    "done": true
  },
  "mcwtrpdoors:recipes/metal/metal_trapdoor": {
    "criteria": {
      "has_logs": "2024-09-02 20:10:05 +0000"
    },
    "done": true
  },
  "another_furniture:recipes/warped_drawer": {
    "criteria": {
      "has_planks": "2024-09-02 19:26:44 +0000"
    },
    "done": true
  },
  "minecraft:recipes/decorations/smithing_table": {
    "criteria": {
      "has_iron_ingot": "2024-09-02 20:10:05 +0000"
    },
    "done": true
  },
  "bakery:recipes/drawer": {
    "criteria": {
      "has_oak_planks": "2024-09-02 19:26:49 +0000"
    },
    "done": true
  },
  "pfm:recipes/furniture/white_simple_sofa": {
    "criteria": {
      "has_wool": "2024-09-02 19:26:25 +0000"
    },
    "done": true
  },
  "scalinghealth:recipes/misc/heart_crystal": {
    "criteria": {
      "cobblestone": "2024-09-02 19:32:25 +0000"
    },
    "done": true
  },
  "mcwbridges:recipes/asian_red_bridge": {
    "criteria": {
      "has_planks": "2024-09-02 19:26:49 +0000"
    },
    "done": true
  },
  "minecraft:recipes/transportation/spruce_boat": {
    "criteria": {
      "in_water": "2024-09-02 20:13:21 +0000"
    },
    "done": true
  },
  "scalinghealth:recipes/combat/bandages": {
    "criteria": {
      "cobblestone": "2024-09-02 19:32:25 +0000"
    },
    "done": true
  },
  "biomesoplenty:recipes/redstone/jacaranda_fence_gate": {
    "criteria": {
      "has_planks": "2024-09-02 19:26:10 +0000"
    },
    "done": true
  },
  "cfm:recipes/decorations/dark_oak_kitchen_drawer": {
    "criteria": {
      "has_chest": "2024-09-02 19:59:48 +0000"
    },
    "done": true
  },
  "mcwtrpdoors:recipes/print_classic": {
    "criteria": {
      "has_logs": "2024-09-02 19:26:25 +0000"
    },
    "done": true
  },
  "minecraft:husbandry/root": {
    "criteria": {
      "consumed_item": "2024-09-02 19:33:04 +0000"
    },
    "done": true
  },
  "minecraft:recipes/transportation/birch_boat": {
    "criteria": {
      "in_water": "2024-09-02 20:13:21 +0000"
    },
    "done": true
  },
  "cfm:recipes/decorations/stripped_oak_park_bench": {
    "criteria": {
      "has_log": "2024-09-02 19:26:25 +0000"
    },
    "done": true
  },
  "minecraft:recipes/building_blocks/cherry_wood": {
    "criteria": {
      "has_log": "2024-09-02 19:49:17 +0000"
    },
    "done": true
  },
  "minecraft:recipes/decorations/white_carpet": {
    "criteria": {
      "has_white_wool": "2024-09-02 19:45:35 +0000"
    },
    "done": true
  },
  "minecraft:recipes/transportation/oak_boat": {
    "criteria": {
      "in_water": "2024-09-02 20:13:21 +0000"
    },
    "done": true
  },
  "pfm:recipes/furniture/cherry_kitchen_counter": {
    "criteria": {
      "has_planks": "2024-09-02 19:59:50 +0000"
    },
    "done": true
  },
  "mcwbridges:recipes/rope_cherry_bridge": {
    "criteria": {
      "has_planks": "2024-09-02 19:59:50 +0000"
    },
    "done": true
  },
  "pfm:recipes/furniture/cherry_chair_classic": {
    "criteria": {
      "has_planks": "2024-09-02 19:59:50 +0000"
    },
    "done": true
  },
  "biomesoplenty:recipes/transportation/redwood_boat": {
    "criteria": {
      "in_water": "2024-09-02 20:13:21 +0000"
    },
    "done": true
  },
  "mcwtrpdoors:recipes/oak/oak_four_panel_trapdoor": {
    "criteria": {
      "has_logs": "2024-09-02 19:26:25 +0000"
    },
    "done": true
  },
  "mcwbridges:recipes/cherry_rail_bridge": {
    "criteria": {
      "has_planks": "2024-09-02 19:59:50 +0000"
    },
    "done": true
  },
  "mcwwindows:recipes/shutters": {
    "criteria": {
      "has_wood": "2024-09-02 19:26:49 +0000"
    },
    "done": true
  },
  "cfm:recipes/decorations/orange_kitchen_drawer": {
    "criteria": {
      "has_chest": "2024-09-02 19:59:48 +0000"
    },
    "done": true
  },
  "mcwbridges:recipes/rope_oak_bridge": {
    "criteria": {
      "has_planks": "2024-09-02 19:26:49 +0000"
    },
    "done": true
  },
  "pfm:recipes/furniture/jacaranda_biomesoplenty_kitchen_wall_small_drawer": {
    "criteria": {
      "has_planks": "2024-09-02 19:26:10 +0000"
    },
    "done": true
  },
  "bakery:recipes/tray": {
    "criteria": {
      "has_oak_planks": "2024-09-02 19:26:49 +0000"
    },
    "done": true
  },
  "recrafted_creatures:root": {
    "criteria": {
      "requirement": "2024-09-02 19:55:54 +0000"
    },
    "done": true
  },
  "minecraft:recipes/redstone/oak_button": {
    "criteria": {
      "has_planks": "2024-09-02 19:26:49 +0000"
    },
    "done": true
  },
  "cfm:recipes/decorations/pink_kitchen_drawer": {
    "criteria": {
      "has_chest": "2024-09-02 19:59:48 +0000"
    },
    "done": true
  },
  "cfm:recipes/decorations/light_gray_trampoline": {
    "criteria": {
      "has_iron": "2024-09-02 20:10:05 +0000"
    },
    "done": true
  },
  "mcwbridges:recipes/oak_rail_bridge": {
    "criteria": {
      "has_planks": "2024-09-02 19:26:49 +0000"
    },
    "done": true
  },
  "cfm:recipes/decorations/stripped_oak_coffee_table": {
    "criteria": {
      "has_planks": "2024-09-02 19:26:25 +0000"
    },
    "done": true
  },
  "minecraft:recipes/building_blocks/dye_purple_bed": {
    "criteria": {
      "has_needed_dye": "2024-09-02 20:00:26 +0000"
    },
    "done": true
  },
  "cfm:recipes/decorations/stripped_birch_mail_box": {
    "criteria": {
      "has_chest": "2024-09-02 19:59:48 +0000"
    },
    "done": true
  },
  "pfm:recipes/furniture/gray_simple_sofa": {
    "criteria": {
      "has_wool": "2024-09-02 19:26:25 +0000"
    },
    "done": true
  },
  "cfm:recipes/decorations/light_blue_cooler": {
    "criteria": {
      "has_chest": "2024-09-02 19:59:48 +0000"
    },
    "done": true
  },
  "cfm:recipes/decorations/light_blue_kitchen_drawer": {
    "criteria": {
      "has_chest": "2024-09-02 19:59:48 +0000"
    },
    "done": true
  },
  "minecraft:recipes/combat/iron_sword": {
    "criteria": {
      "has_iron_ingot": "2024-09-02 20:10:05 +0000"
    },
    "done": true
  },
  "minecraft:recipes/tools/iron_pickaxe": {
    "criteria": {
      "has_iron_ingot": "2024-09-02 20:10:05 +0000"
    },
    "done": true
  },
  "minecraft:recipes/transportation/mangrove_boat": {
    "criteria": {
      "in_water": "2024-09-02 20:13:21 +0000"
    },
    "done": true
  },
  "minecraft:recipes/decorations/torch": {
    "criteria": {
      "has_stone_pickaxe": "2024-09-02 19:45:22 +0000"
    },
    "done": true
  },
  "mcwbridges:recipes/cobblestone_bridge": {
    "criteria": {
      "has_planks": "2024-09-02 19:32:25 +0000"
    },
    "done": true
  },
  "minecraft:recipes/combat/shield": {
    "criteria": {
      "has_iron_ingot": "2024-09-02 20:10:05 +0000"
    },
    "done": true
  },
  "scalinghealth:recipes/combat/medkit": {
    "criteria": {
      "cobblestone": "2024-09-02 19:32:25 +0000"
    },
    "done": true
  },
  "minecraft:recipes/decorations/iron_bars": {
    "criteria": {
      "has_iron_ingot": "2024-09-02 20:10:05 +0000"
    },
    "done": true
  },
  "minecraft:recipes/building_blocks/dye_purple_wool": {
    "criteria": {
      "has_needed_dye": "2024-09-02 20:00:26 +0000"
    },
    "done": true
  },
  "pfm:recipes/furniture/cherry_kitchen_wall_small_drawer": {
    "criteria": {
      "has_planks": "2024-09-02 19:59:50 +0000"
    },
    "done": true
  },
  "cfm:recipes/decorations/white_trampoline": {
    "criteria": {
      "has_wool": "2024-09-02 19:45:35 +0000"
    },
    "done": true
  },
  "fairylights:recipes/fairylights/oil_lantern_light": {
    "criteria": {
      "has_dye": "2024-09-02 20:00:26 +0000"
    },
    "done": true
  },
  "mcwwindows:recipes/granite": {
    "criteria": {
      "has_the_recipe": "2024-09-02 19:26:25 +0000"
    },
    "done": true
  },
  "fairylights:recipes/fairylights/meteor_light": {
    "criteria": {
      "has_dye": "2024-09-02 20:00:26 +0000"
    },
    "done": true
  },
  "mcwwindows:recipes/andesite": {
    "criteria": {
      "has_the_recipe": "2024-09-02 19:26:25 +0000"
    },
    "done": true
  },
  "bakery:recipes/iron_table": {
    "criteria": {
      "has_iron_ingot": "2024-09-02 20:10:05 +0000"
    },
    "done": true
  },
  "pfm:recipes/furniture/pink_simple_sofa": {
    "criteria": {
      "has_wool": "2024-09-02 19:26:25 +0000"
    },
    "done": true
  },
  "cfm:recipes/decorations/post_box": {
    "criteria": {
      "has_iron": "2024-09-02 20:10:05 +0000"
    },
    "done": true
  },
  "mcwbridges:recipes/oak_bridge_pier": {
    "criteria": {
      "has_planks": "2024-09-02 19:26:25 +0000"
    },
    "done": true
  },
  "fairylights:recipes/fairylights/star_light": {
    "criteria": {
      "has_dye": "2024-09-02 20:00:26 +0000"
    },
    "done": true
  },
  "another_furniture:recipes/jungle_drawer": {
    "criteria": {
      "has_planks": "2024-09-02 19:26:44 +0000"
    },
    "done": true
  },
  "biomesoplenty:recipes/decorations/jacaranda_sign": {
    "criteria": {
      "has_jacaranda_planks": "2024-09-02 19:26:10 +0000"
    },
    "done": true
  },
  "minecraft:recipes/redstone/cherry_fence_gate": {
    "criteria": {
      "has_planks": "2024-09-02 19:59:50 +0000"
    },
    "done": true
  },
  "pfm:recipes/furniture/oak_kitchen_wall_small_drawer": {
    "criteria": {
      "has_planks": "2024-09-02 19:26:49 +0000"
    },
    "done": true
  },
  "mcwwindows:recipes/mangrove": {
    "criteria": {
      "has_the_recipe": "2024-09-02 19:26:25 +0000"
    },
    "done": true
  },
  "mcwtrpdoors:recipes/acacia/oak_bark_trapdoor": {
    "criteria": {
      "has_logs": "2024-09-02 19:26:25 +0000"
    },
    "done": true
  },
  "biomesoplenty:recipes/transportation/hellbark_boat": {
    "criteria": {
      "in_water": "2024-09-02 20:13:21 +0000"
    },
    "done": true
  },
  "pfm:recipes/furniture/black_simple_sofa": {
    "criteria": {
      "has_wool": "2024-09-02 19:26:25 +0000"
    },
    "done": true
  },
  "another_furniture:recipes/white_sofa": {
    "criteria": {
      "has_wool": "2024-09-02 19:45:35 +0000"
    },
    "done": true
  },
  "minecraft:recipes/brewing/fermented_spider_eye": {
    "criteria": {
      "has_spider_eye": "2024-09-02 19:52:48 +0000"
    },
    "done": true
  },
  "minecraft:recipes/misc/iron_ingot_from_smelting_raw_iron": {
    "criteria": {
      "has_raw_iron": "2024-09-02 20:15:37 +0000"
    },
    "done": true
  },
  "another_furniture:recipes/oak_shelf": {
    "criteria": {
      "has_planks": "2024-09-02 19:26:49 +0000"
    },
    "done": true
  },
  "immersive_armors:recipes/misc/robe": {
    "criteria": {
      "has_item": "2024-09-02 19:45:35 +0000"
    },
    "done": true
  },
  "biomesoplenty:recipes/transportation/jacaranda_boat": {
    "criteria": {
      "in_water": "2024-09-02 20:13:21 +0000"
    },
    "done": true
  },
  "fairylights:recipes/fairylights/paper_lantern": {
    "criteria": {
      "has_dye": "2024-09-02 20:00:26 +0000"
    },
    "done": true
  },
  "mcwtrpdoors:recipes/oak/oak_barrel_trapdoor": {
    "criteria": {
      "has_logs": "2024-09-02 19:26:25 +0000"
    },
    "done": true
  },
  "minecraft:recipes/food/cooked_mutton": {
    "criteria": {
      "has_mutton": "2024-09-02 19:45:35 +0000"
    },
    "done": true
  },
  "biomesoplenty:recipes/transportation/mahogany_boat": {
    "criteria": {
      "in_water": "2024-09-02 20:13:21 +0000"
    },
    "done": true
  },
  "pfm:recipes/furniture/jacaranda_biomesoplenty_chair_modern": {
    "criteria": {
      "has_planks": "2024-09-02 19:26:10 +0000"
    },
    "done": true
  },
  "minecraft:recipes/food/cooked_beef_from_grill_cooking": {
    "criteria": {
      "has_beef": "2024-09-02 19:46:31 +0000"
    },
    "done": true
  },
  "cfm:recipes/decorations/light_gray_cooler": {
    "criteria": {
      "has_chest": "2024-09-02 19:59:48 +0000"
    },
    "done": true
  },
  "cfm:recipes/decorations/cyan_trampoline": {
    "criteria": {
      "has_iron": "2024-09-02 20:10:05 +0000"
    },
    "done": true
  },
  "minecraft:recipes/tools/flint_and_steel": {
    "criteria": {
      "has_flint": "2024-09-02 19:28:33 +0000"
    },
    "done": true
  },
  "minecraft:recipes/building_blocks/dye_purple_carpet": {
    "criteria": {
      "has_needed_dye": "2024-09-02 20:00:26 +0000"
    },
    "done": true
  },
  "minecraft:recipes/building_blocks/dye_magenta_bed": {
    "criteria": {
      "has_needed_dye": "2024-09-02 20:01:31 +0000"
    },
    "done": true
  },
  "mcwbridges:recipes/cobblestone_bridge_pier": {
    "criteria": {
      "has_planks": "2024-09-02 19:32:25 +0000"
    },
    "done": true
  },
  "another_furniture:recipes/white_lamp": {
    "criteria": {
      "has_wool": "2024-09-02 19:45:35 +0000"
    },
    "done": true
  },
  "minecraft:recipes/decorations/white_banner": {
    "criteria": {
      "has_white_wool": "2024-09-02 19:45:35 +0000"
    },
    "done": true
  },
  "biomesoplenty:recipes/building_blocks/jacaranda_stairs": {
    "criteria": {
      "has_planks": "2024-09-02 19:26:10 +0000"
    },
    "done": true
  },
  "fairylights:recipes/fairylights/square_pennant": {
    "criteria": {
      "has_string": "2024-09-02 19:27:03 +0000"
    },
    "done": true
  },
  "bakery:recipes/brick_stove": {
    "criteria": {
      "has_iron_ingot": "2024-09-02 20:10:05 +0000"
    },
    "done": true
  },
  "cfm:recipes/decorations/oak_park_bench": {
    "criteria": {
      "has_log": "2024-09-02 19:26:25 +0000"
    },
    "done": true
  },
  "another_furniture:recipes/crimson_drawer": {
    "criteria": {
      "has_planks": "2024-09-02 19:26:44 +0000"
    },
    "done": true
  },
  "minecraft:recipes/building_blocks/dye_magenta_wool": {
    "criteria": {
      "has_needed_dye": "2024-09-02 20:01:31 +0000"
    },
    "done": true
  },
  "minecraft:recipes/tools/wooden_pickaxe": {
    "criteria": {
      "has_stick": "2024-09-02 19:26:44 +0000"
    },
    "done": true
  },
  "mcwpaths:recipes/cherry": {
    "criteria": {
      "has_wood": "2024-09-02 19:59:50 +0000"
    },
    "done": true
  },
  "pfm:recipes/furniture/oak_kitchen_counter_oven": {
    "criteria": {
      "has_planks": "2024-09-02 19:26:49 +0000"
    },
    "done": true
  },
  "minecraft:recipes/food/baked_potato_from_smoking": {
    "criteria": {
      "has_potato": "2024-09-02 20:17:49 +0000"
    },
    "done": true
  },
  "mcwtrpdoors:recipes/cherry/cherry_glass_trapdoor": {
    "criteria": {
      "has_logs": "2024-09-02 19:49:17 +0000"
    },
    "done": true
  },
  "mcwholidays:recipes/standing_broomstick": {
    "criteria": {
      "has_planks": "2024-09-02 19:26:44 +0000"
    },
    "done": true
  },
  "minecraft:story/upgrade_tools": {
    "criteria": {
      "stone_pickaxe": "2024-09-02 19:45:22 +0000"
    },
    "done": true
  },
  "pfm:recipes/furniture/iron_oven_range_hood": {
    "criteria": {
      "has_iron_ingot": "2024-09-02 20:10:05 +0000"
    },
    "done": true
  },
  "biomesoplenty:recipes/transportation/palm_boat": {
    "criteria": {
      "in_water": "2024-09-02 20:13:21 +0000"
    },
    "done": true
  },
  "pfm:recipes/furniture/jacaranda_biomesoplenty_modern_stool": {
    "criteria": {
      "has_planks": "2024-09-02 19:26:10 +0000"
    },
    "done": true
  },
  "cfm:recipes/decorations/black_kitchen_drawer": {
    "criteria": {
      "has_chest": "2024-09-02 19:59:48 +0000"
    },
    "done": true
  },
  "fairylights:recipes/fairylights/spider_light": {
    "criteria": {
      "has_dye": "2024-09-02 20:00:26 +0000"
    },
    "done": true
  },
  "mcwtrpdoors:recipes/cherry/cherry_four_panel_trapdoor": {
    "criteria": {
      "has_logs": "2024-09-02 19:49:17 +0000"
    },
    "done": true
  },
  "another_furniture:recipes/cherry_shelf": {
    "criteria": {
      "has_planks": "2024-09-02 19:59:50 +0000"
    },
    "done": true
  },
  "mcwtrpdoors:recipes/oak/oak_ranch_trapdoor": {
    "criteria": {
      "has_logs": "2024-09-02 19:26:25 +0000"
    },
    "done": true
  },
  "pfm:recipes/furniture/oak_simple_bunk_ladder": {
    "criteria": {
      "has_planks": "2024-09-02 19:26:49 +0000"
    },
    "done": true
  },
  "sophisticatedbackpacks:recipes/misc/upgrade_base": {
    "criteria": {
      "has_leather": "2024-09-02 19:46:35 +0000"
    },
    "done": true
  },
  "minecraft:recipes/redstone/oak_pressure_plate": {
    "criteria": {
      "has_planks": "2024-09-02 19:26:49 +0000"
    },
    "done": true
  },
  "another_furniture:recipes/white_tall_stool": {
    "criteria": {
      "has_wool": "2024-09-02 19:45:35 +0000"
    },
    "done": true
  },
  "cfm:recipes/decorations/mangrove_kitchen_drawer": {
    "criteria": {
      "has_chest": "2024-09-02 19:59:48 +0000"
    },
    "done": true
  },
  "cfm:recipes/decorations/purple_trampoline": {
    "criteria": {
      "has_iron": "2024-09-02 20:10:05 +0000"
    },
    "done": true
  },
  "cfm:recipes/decorations/stripped_dark_oak_mail_box": {
    "criteria": {
      "has_chest": "2024-09-02 19:59:48 +0000"
    },
    "done": true
  },
  "another_furniture:recipes/oak_table": {
    "criteria": {
      "has_planks": "2024-09-02 19:26:49 +0000"
    },
    "done": true
  },
  "sophisticatedbackpacks:recipes/misc/copper_backpack": {
    "criteria": {
      "has_backpack": "2024-09-02 20:00:16 +0000"
    },
    "done": true
  },
  "minecraft:recipes/food/cooked_mutton_from_campfire_cooking": {
    "criteria": {
      "has_mutton": "2024-09-02 19:45:35 +0000"
    },
    "done": true
  },
  "cfm:recipes/decorations/green_trampoline": {
    "criteria": {
      "has_iron": "2024-09-02 20:10:05 +0000"
    },
    "done": true
  },
  "cfm:recipes/decorations/mangrove_mail_box": {
    "criteria": {
      "has_chest": "2024-09-02 19:59:48 +0000"
    },
    "done": true
  },
  "biomesoplenty:recipes/redstone/jacaranda_trapdoor": {
    "criteria": {
      "has_planks": "2024-09-02 19:26:10 +0000"
    },
    "done": true
  },
  "pfm:recipes/furniture/blue_simple_sofa": {
    "criteria": {
      "has_wool": "2024-09-02 19:26:25 +0000"
    },
    "done": true
  },
  "pfm:recipes/furniture/gray_arm_chair": {
    "criteria": {
      "has_wool": "2024-09-02 19:26:25 +0000"
    },
    "done": true
  },
  "cfm:recipes/decorations/cyan_grill": {
    "criteria": {
      "has_iron": "2024-09-02 20:10:05 +0000"
    },
    "done": true
  },
  "cfm:recipes/decorations/white_sofa": {
    "criteria": {
      "has_wool": "2024-09-02 19:45:35 +0000"
    },
    "done": true
  },
  "another_furniture:recipes/mangrove_drawer": {
    "criteria": {
      "has_planks": "2024-09-02 19:26:44 +0000"
    },
    "done": true
  },
  "cfm:recipes/decorations/yellow_cooler": {
    "criteria": {
      "has_chest": "2024-09-02 19:59:48 +0000"
    },
    "done": true
  },
  "cfm:recipes/decorations/spruce_mail_box": {
    "criteria": {
      "has_chest": "2024-09-02 19:59:48 +0000"
    },
    "done": true
  },
  "cfm:recipes/decorations/white_cooler": {
    "criteria": {
      "has_chest": "2024-09-02 19:59:48 +0000"
    },
    "done": true
  },
  "mcwholidays:recipes/haunting_ghost": {
    "criteria": {
      "has_planks": "2024-09-02 19:45:35 +0000"
    },
    "done": true
  },
  "pfm:recipes/furniture/light_blue_simple_sofa": {
    "criteria": {
      "has_wool": "2024-09-02 19:26:25 +0000"
    },
    "done": true
  },
  "mcwwindows:recipes/acacia": {
    "criteria": {
      "has_the_recipe": "2024-09-02 19:26:25 +0000"
    },
    "done": true
  },
  "minecraft:recipes/building_blocks/white_wool_from_string": {
    "criteria": {
      "has_string": "2024-09-02 19:27:03 +0000"
    },
    "done": true
  },
  "cfm:recipes/decorations/stripped_oak_chair": {
    "criteria": {
      "has_planks": "2024-09-02 19:26:25 +0000"
    },
    "done": true
  },
  "mcwbridges:recipes/cobblestone_bridge_stair": {
    "criteria": {
      "has_planks": "2024-09-02 19:32:25 +0000"
    },
    "done": true
  },
  "mcwbridges:recipes/balustrade_cobblestone_bridge": {
    "criteria": {
      "has_planks": "2024-09-02 19:32:25 +0000"
    },
    "done": true
  },
  "cfm:recipes/decorations/oak_kitchen_sink_light": {
    "criteria": {
      "has_bottom": "2024-09-02 19:26:49 +0000"
    },
    "done": true
  },
  "minecraft:recipes/decorations/magenta_stained_glass_pane_from_glass_pane": {
    "criteria": {
      "has_magenta_dye": "2024-09-02 20:01:31 +0000"
    },
    "done": true
  },
  "cfm:recipes/decorations/orange_grill": {
    "criteria": {
      "has_iron": "2024-09-02 20:10:05 +0000"
    },
    "done": true
  },
  "cfm:recipes/decorations/stripped_spruce_kitchen_drawer": {
    "criteria": {
      "has_chest": "2024-09-02 19:59:48 +0000"
    },
    "done": true
  },
  "pfm:recipes/furniture/oak_log_stool": {
    "criteria": {
      "has_log": "2024-09-02 19:26:25 +0000"
    },
    "done": true
  },
  "immersive_armors:recipes/misc/bone": {
    "criteria": {
      "has_item": "2024-09-02 19:27:49 +0000"
    },
    "done": true
  },
  "minecraft:recipes/tools/iron_axe": {
    "criteria": {
      "has_iron_ingot": "2024-09-02 20:10:05 +0000"
    },
    "done": true
  },
  "cfm:recipes/decorations/magenta_trampoline": {
    "criteria": {
      "has_iron": "2024-09-02 20:10:05 +0000"
    },
    "done": true
  },
  "pfm:recipes/furniture/jacaranda_biomesoplenty_chair": {
    "criteria": {
      "has_planks": "2024-09-02 19:26:10 +0000"
    },
    "done": true
  },
  "cfm:recipes/decorations/oak_cabinet": {
    "criteria": {
      "has_log": "2024-09-02 19:26:25 +0000"
    },
    "done": true
  },
  "minecraft:recipes/misc/iron_nugget_from_blasting": {
    "criteria": {
      "has_iron_sword": "2024-09-02 20:09:59 +0000"
    },
    "done": true
  },
  "minecraft:adventure/kill_a_mob": {
    "criteria": {
      "minecraft:spider": "2024-09-02 19:26:59 +0000"
    },
    "done": true
  },
  "minecraft:adventure/adventuring_time": {
    "criteria": {
      "minecraft:snowy_slopes": "2024-09-02 20:17:39 +0000",
      "minecraft:cherry_grove": "2024-09-02 19:47:31 +0000",
      "minecraft:sunflower_plains": "2024-09-02 19:29:03 +0000",
      "minecraft:beach": "2024-09-02 19:39:41 +0000",
      "minecraft:forest": "2024-09-02 20:14:48 +0000",
      "minecraft:flower_forest": "2024-09-02 19:42:01 +0000",
      "minecraft:meadow": "2024-09-02 20:17:41 +0000",
      "minecraft:plains": "2024-09-02 19:28:27 +0000"
    },
    "done": false
  },
  "pfm:recipes/furniture/cherry_table_log": {
    "criteria": {
      "has_log": "2024-09-02 19:59:50 +0000"
    },
    "done": true
  },
  "cfm:recipes/decorations/warped_kitchen_drawer": {
    "criteria": {
      "has_chest": "2024-09-02 19:59:48 +0000"
    },
    "done": true
  },
  "fairylights:recipes/fairylights/skull_light": {
    "criteria": {
      "has_dye": "2024-09-02 20:00:26 +0000"
    },
    "done": true
  },
  "pfm:recipes/furniture/cherry_log_stool": {
    "criteria": {
      "has_log": "2024-09-02 19:49:17 +0000"
    },
    "done": true
  },
  "cfm:recipes/decorations/spruce_kitchen_drawer": {
    "criteria": {
      "has_chest": "2024-09-02 19:59:48 +0000"
    },
    "done": true
  },
  "minecraft:recipes/building_blocks/cobblestone_stairs_from_cobblestone_stonecutting": {
    "criteria": {
      "has_cobblestone": "2024-09-02 19:32:25 +0000"
    },
    "done": true
  },
  "pfm:recipes/furniture/magenta_arm_chair": {
    "criteria": {
      "has_wool": "2024-09-02 19:26:25 +0000"
    },
    "done": true
  },
  "minecraft:recipes/misc/wheat": {
    "criteria": {
      "has_hay_block": "2024-09-02 20:13:11 +0000"
    },
    "done": true
  },
  "cfm:recipes/decorations/lime_kitchen_drawer": {
    "criteria": {
      "has_chest": "2024-09-02 19:59:48 +0000"
    },
    "done": true
  },
  "mcwpaths:recipes/cobblestone": {
    "criteria": {
      "has_wood": "2024-09-02 19:32:25 +0000"
    },
    "done": true
  },
  "minecraft:husbandry/balanced_diet": {
    "criteria": {
      "cooked_porkchop": "2024-09-02 19:35:44 +0000",
      "bread": "2024-09-02 20:18:17 +0000"
    },
    "done": false
  },
  "cfm:recipes/decorations/lime_grill": {
    "criteria": {
      "has_iron": "2024-09-02 20:10:05 +0000"
    },
    "done": true
  },
  "cfm:recipes/decorations/oak_kitchen_drawer": {
    "criteria": {
      "has_log": "2024-09-02 19:26:25 +0000"
    },
    "done": true
  },
  "mcwwindows:recipes/prismarine": {
    "criteria": {
      "has_the_recipe": "2024-09-02 19:26:25 +0000"
    },
    "done": true
  },
  "cfm:recipes/decorations/stripped_acacia_mail_box": {
    "criteria": {
      "has_chest": "2024-09-02 19:59:48 +0000"
    },
    "done": true
  },
  "cfm:recipes/decorations/stripped_birch_kitchen_drawer": {
    "criteria": {
      "has_chest": "2024-09-02 19:59:48 +0000"
    },
    "done": true
  },
  "minecraft:recipes/redstone/tnt": {
    "criteria": {
      "has_gunpowder": "2024-09-02 19:55:22 +0000"
    },
    "done": true
  },
  "another_furniture:recipes/cherry_table": {
    "criteria": {
      "has_planks": "2024-09-02 19:59:50 +0000"
    },
    "done": true
  },
  "minecraft:recipes/tools/stone_hoe": {
    "criteria": {
      "has_cobblestone": "2024-09-02 19:32:25 +0000"
    },
    "done": true
  },
  "pfm:recipes/furniture/oak_table_log": {
    "criteria": {
      "has_log": "2024-09-02 19:26:49 +0000"
    },
    "done": true
  },
  "pfm:recipes/furniture/orange_simple_sofa": {
    "criteria": {
      "has_wool": "2024-09-02 19:26:25 +0000"
    },
    "done": true
  },
  "pfm:recipes/furniture/oak_simple_stool": {
    "criteria": {
      "has_planks": "2024-09-02 19:26:49 +0000"
    },
    "done": true
  },
  "pfm:recipes/furniture/light_blue_arm_chair": {
    "criteria": {
      "has_wool": "2024-09-02 19:26:25 +0000"
    },
    "done": true
  },
  "pfm:recipes/furniture/oak_chair_classic_white": {
    "criteria": {
      "oak_chair_classic_white": "2024-09-02 19:45:35 +0000"
    },
    "done": true
  },
  "tombstone:adventure/ashes_and_bones": {
    "criteria": {
      "coded_trigger": "2024-09-02 20:09:39 +0000"
    },
    "done": true
  },
  "another_furniture:recipes/furniture_hammer": {
    "criteria": {
      "has_stick": "2024-09-02 19:26:44 +0000"
    },
    "done": true
  },
  "minecraft:recipes/decorations/loom": {
    "criteria": {
      "has_string": "2024-09-02 19:27:03 +0000"
    },
    "done": true
  },
  "pfm:recipes/furniture/jacaranda_biomesoplenty_table_log": {
    "criteria": {
      "has_log": "2024-09-02 19:26:10 +0000"
    },
    "done": true
  },
  "mcwbridges:recipes/pliers": {
    "criteria": {
      "has_planks": "2024-09-02 20:10:05 +0000"
    },
    "done": true
  },
  "pfm:recipes/furniture/jacaranda_biomesoplenty_kitchen_counter_oven": {
    "criteria": {
      "has_planks": "2024-09-02 19:26:10 +0000"
    },
    "done": true
  },
  "another_furniture:recipes/birch_drawer": {
    "criteria": {
      "has_planks": "2024-09-02 19:26:44 +0000"
    },
    "done": true
  },
  "cfm:recipes/decorations/brown_cooler": {
    "criteria": {
      "has_chest": "2024-09-02 19:59:48 +0000"
    },
    "done": true
  },
  "minecraft:story/root": {
    "criteria": {
      "crafting_table": "2024-09-02 19:26:13 +0000"
    },
    "done": true
  },
  "pfm:recipes/furniture/oak_kitchen_cabinet": {
    "criteria": {
      "has_planks": "2024-09-02 19:26:49 +0000"
    },
    "done": true
  },
  "bakery:recipes/brick_counter": {
    "criteria": {
      "has_oak_planks": "2024-09-02 19:26:49 +0000"
    },
    "done": true
  },
  "cfm:recipes/decorations/light_gray_kitchen_drawer": {
    "criteria": {
      "has_chest": "2024-09-02 19:59:48 +0000"
    },
    "done": true
  },
  "biomesoplenty:recipes/misc/purple_dye_from_lavender": {
    "criteria": {
      "has_flower": "2024-09-02 19:30:13 +0000"
    },
    "done": true
  },
  "minecraft:recipes/redstone/iron_door": {
    "criteria": {
      "has_iron_ingot": "2024-09-02 20:10:05 +0000"
    },
    "done": true
  },
  "cfm:recipes/decorations/red_grill": {
    "criteria": {
      "has_iron": "2024-09-02 20:10:05 +0000"
    },
    "done": true
  },
  "cfm:recipes/decorations/dye_purple_picket_fence": {
    "criteria": {
      "has_dye": "2024-09-02 20:00:26 +0000"
    },
    "done": true
  },
  "pfm:recipes/furniture/cherry_modern_stool": {
    "criteria": {
      "has_planks": "2024-09-02 19:59:50 +0000"
    },
    "done": true
  },
  "minecraft:recipes/transportation/dark_oak_boat": {
    "criteria": {
      "in_water": "2024-09-02 20:13:21 +0000"
    },
    "done": true
  },
  "fairylights:recipes/fairylights/triangle_pennant": {
    "criteria": {
      "has_string": "2024-09-02 19:27:03 +0000"
    },
    "done": true
  },
  "cfm:recipes/decorations/stripped_warped_kitchen_drawer": {
    "criteria": {
      "has_chest": "2024-09-02 19:59:48 +0000"
    },
    "done": true
  },
  "minecraft:recipes/food/cooked_beef_from_campfire_cooking": {
    "criteria": {
      "has_beef": "2024-09-02 19:46:31 +0000"
    },
    "done": true
  },
  "sophisticatedbackpacks:recipes/misc/iron_backpack": {
    "criteria": {
      "has_backpack": "2024-09-02 20:00:16 +0000"
    },
    "done": true
  },
  "DataVersion": 3465
}